DATE,Hot_rolled_steel
2003-01-02,3312.0
2003-01-03,3312.0
2003-01-06,3312.0
2003-01-07,3332.0
2003-01-08,3332.0
2003-01-09,3355.0
2003-01-10,3391.0
2003-01-13,3409.0
2003-01-14,3424.0
2003-01-15,3428.0
2003-01-16,3428.0
2003-01-17,3450.0
2003-01-20,3459.0
2003-01-21,3466.0
2003-01-22,3459.0
2003-01-23,3466.0
2003-01-24,3496.0
2003-01-27,3496.0
2003-01-28,3496.0
2003-01-29,3496.0
2003-02-10,3531.0
2003-02-11,3529.0
2003-02-12,3529.0
2003-02-13,3529.0
2003-02-14,3529.0
2003-02-17,3529.0
2003-02-18,3531.0
2003-02-19,3529.0
2003-02-20,3529.0
2003-02-21,3531.0
2003-02-24,3536.0
2003-02-25,3539.0
2003-02-26,3553.0
2003-02-27,3552.0
2003-02-28,3550.0
2003-03-03,3550.0
2003-03-04,3545.0
2003-03-05,3538.0
2003-03-06,3530.0
2003-03-07,3530.0
2003-03-10,3508.0
2003-03-11,3481.0
2003-03-12,3471.0
2003-03-13,3466.0
2003-03-14,3466.0
2003-03-17,3466.0
2003-03-18,3450.0
2003-03-19,3435.0
2003-03-20,3411.0
2003-03-21,3411.0
2003-03-24,3404.0
2003-03-25,3380.0
2003-03-26,3373.0
2003-03-27,3373.0
2003-03-28,3382.0
2003-03-31,3353.0
2003-04-01,3314.0
2003-04-02,3275.0
2003-04-03,3255.0
2003-04-04,3217.0
2003-04-07,3213.0
2003-04-08,3217.0
2003-04-09,3213.0
2003-04-10,3171.0
2003-04-11,3160.0
2003-04-14,3155.0
2003-04-15,3155.0
2003-04-16,3045.0
2003-04-17,3021.0
2003-04-18,3021.0
2003-04-21,3021.0
2003-04-22,3021.0
2003-04-23,2962.0
2003-04-24,2950.0
2003-04-25,2962.0
2003-04-28,2950.0
2003-04-29,2945.0
2003-04-30,2931.0
2003-05-06,2897.0
2003-05-07,2899.0
2003-05-08,2899.0
2003-05-09,2885.0
2003-05-12,2890.0
2003-05-13,2890.0
2003-05-14,2885.0
2003-05-15,2885.0
2003-05-16,2885.0
2003-05-19,2885.0
2003-05-20,2892.0
2003-05-21,2892.0
2003-05-22,2892.0
2003-05-23,2892.0
2003-05-26,2903.0
2003-05-27,2903.0
2003-05-28,2900.0
2003-05-29,2898.0
2003-05-30,2901.0
2003-06-02,2901.0
2003-06-03,2901.0
2003-06-04,2915.0
2003-06-05,2915.0
2003-06-06,2918.0
2003-06-09,2918.0
2003-06-10,2922.0
2003-06-11,2925.0
2003-06-12,2925.0
2003-06-13,2935.0
2003-06-16,2941.0
2003-06-17,2941.0
2003-06-18,2950.0
2003-06-19,2956.0
2003-06-20,2979.0
2003-06-23,2993.0
2003-06-24,3024.0
2003-06-25,3024.0
2003-06-26,3036.0
2003-06-27,3049.0
2003-06-30,3100.0
2003-07-01,3105.0
2003-07-02,3113.0
2003-07-03,3147.0
2003-07-04,3150.0
2003-07-07,3194.0
2003-07-08,3208.0
2003-07-09,3215.0
2003-07-10,3246.0
2003-07-11,3257.0
2003-07-14,3285.0
2003-07-15,3285.0
2003-07-16,3306.0
2003-07-17,3320.0
2003-07-18,3331.0
2003-07-21,3340.0
2003-07-22,3331.0
2003-07-23,3340.0
2003-07-24,3335.0
2003-07-25,3333.0
2003-07-28,3328.0
2003-07-29,3328.0
2003-07-30,3316.0
2003-07-31,3316.0
2003-08-01,3316.0
2003-08-04,3299.0
2003-08-05,3290.0
2003-08-06,3287.0
2003-08-07,3274.0
2003-08-08,3265.0
2003-08-11,3258.0
2003-08-12,3261.0
2003-08-13,3261.0
2003-08-14,3263.0
2003-08-15,3256.0
2003-08-18,3256.0
2003-08-19,3253.0
2003-08-20,3253.0
2003-08-21,3253.0
2003-08-22,3253.0
2003-08-25,3261.0
2003-08-26,3261.0
2003-08-27,3273.0
2003-08-28,3270.0
2003-08-29,3281.0
2003-09-01,3289.0
2003-09-02,3289.0
2003-09-03,3311.0
2003-09-04,3314.0
2003-09-05,3315.0
2003-09-08,3326.0
2003-09-09,3326.0
2003-09-10,3328.0
2003-09-11,3328.0
2003-09-12,3330.0
2003-09-15,3335.0
2003-09-16,3337.0
2003-09-17,3337.0
2003-09-18,3342.0
2003-09-19,3342.0
2003-09-22,3367.0
2003-09-23,3372.0
2003-09-24,3378.0
2003-09-25,3388.0
2003-09-26,3393.0
2003-09-29,3410.0
2003-09-30,3410.0
2003-10-08,3469.0
2003-10-09,3469.0
2003-10-10,3474.0
2003-10-13,3503.0
2003-10-14,3507.0
2003-10-15,3529.0
2003-10-16,3537.0
2003-10-17,3537.0
2003-10-20,3571.0
2003-10-21,3575.0
2003-10-22,3585.0
2003-10-23,3595.0
2003-10-24,3599.0
2003-10-27,3614.0
2003-10-28,3627.0
2003-10-29,3637.0
2003-10-30,3641.0
2003-10-31,3649.0
2003-11-03,3665.0
2003-11-04,3667.0
2003-11-05,3667.0
2003-11-06,3677.0
2003-11-07,3677.0
2003-11-10,3693.0
2003-11-11,3711.0
2003-11-12,3711.0
2003-11-13,3725.0
2003-11-14,3727.0
2003-11-18,3738.0
2003-11-19,3738.0
2003-11-20,3753.0
2003-11-21,3774.0
2003-11-24,3795.0
2003-11-25,3808.0
2003-11-26,3816.0
2003-11-27,3824.0
2003-11-28,3835.0
2003-12-01,3835.0
2003-12-02,3851.0
2003-12-03,3858.0
2003-12-04,3863.0
2003-12-05,3863.0
2003-12-08,3868.0
2003-12-09,3887.0
2003-12-10,3899.0
2003-12-11,3904.0
2003-12-12,3904.0
2003-12-15,3936.0
2003-12-16,3938.0
2003-12-17,3943.0
2003-12-18,3948.0
2003-12-19,3974.0
2003-12-22,3974.0
2003-12-23,3983.0
2003-12-24,3985.0
2003-12-25,3989.0
2003-12-26,4010.0
2003-12-29,4010.0
2003-12-30,4039.0
2003-12-31,4048.0
2004-01-02,4048.0
2004-01-05,4097.0
2004-01-06,4104.0
2004-01-07,4117.0
2004-01-08,4120.0
2004-01-09,4126.0
2004-01-12,4134.0
2004-01-13,4140.0
2004-01-14,4140.0
2004-01-15,4143.0
2004-01-16,4143.0
2004-01-29,4174.0
2004-01-30,4221.0
2004-02-02,4221.0
2004-02-03,4275.0
2004-02-04,4275.0
2004-02-05,4295.0
2004-02-06,4315.0
2004-02-09,4315.0
2004-02-10,4347.0
2004-02-11,4354.0
2004-02-12,4384.0
2004-02-13,4394.0
2004-02-16,4419.0
2004-02-17,4485.0
2004-02-18,4512.0
2004-02-19,4525.0
2004-02-20,4567.0
2004-02-23,4581.0
2004-02-24,4647.0
2004-02-25,4647.0
2004-02-26,4650.0
2004-02-27,4655.0
2004-03-01,4691.0
2004-03-02,4680.0
2004-03-03,4671.0
2004-03-04,4650.0
2004-03-05,4643.0
2004-03-08,4610.0
2004-03-09,4599.0
2004-03-10,4588.0
2004-03-11,4570.0
2004-03-12,4581.0
2004-03-15,4595.0
2004-03-16,4594.0
2004-03-17,4598.0
2004-03-18,4614.0
2004-03-19,4614.0
2004-03-22,4649.0
2004-03-23,4662.0
2004-03-24,4662.0
2004-03-25,4667.0
2004-03-26,4674.0
2004-03-29,4680.0
2004-03-30,4709.0
2004-03-31,4709.0
2004-04-01,4721.0
2004-04-02,4723.0
2004-04-05,4735.0
2004-04-06,4735.0
2004-04-07,4740.0
2004-04-08,4740.0
2004-04-09,4740.0
2004-04-12,4740.0
2004-04-13,4746.0
2004-04-14,4744.0
2004-04-15,4744.0
2004-04-16,4741.0
2004-04-19,4710.0
2004-04-20,4698.0
2004-04-21,4671.0
2004-04-22,4661.0
2004-04-26,4653.0
2004-04-27,4627.0
2004-04-28,4595.0
2004-04-29,4556.0
2004-05-10,4381.0
2004-05-11,4308.0
2004-05-12,4190.0
2004-05-13,4110.0
2004-05-14,4016.0
2004-05-17,3903.0
2004-05-18,3745.0
2004-05-19,3694.0
2004-05-20,3694.0
2004-05-21,3732.0
2004-05-24,3880.0
2004-05-25,3880.0
2004-05-26,3907.0
2004-05-27,3903.0
2004-05-28,3894.0
2004-05-31,3875.0
2004-06-01,3855.0
2004-06-02,3844.0
2004-06-03,3832.0
2004-06-04,3832.0
2004-06-07,3838.0
2004-06-08,3846.0
2004-06-09,3846.0
2004-06-10,3848.0
2004-06-11,3858.0
2004-06-14,3895.0
2004-06-15,3919.0
2004-06-16,3919.0
2004-06-17,3939.0
2004-06-18,3955.0
2004-06-21,3985.0
2004-06-22,4004.0
2004-06-23,4026.0
2004-06-24,4032.0
2004-06-25,4032.0
2004-06-28,4033.0
2004-06-29,4042.0
2004-06-30,4042.0
2004-07-01,4049.0
2004-07-02,4051.0
2004-07-05,4060.0
2004-07-06,4069.0
2004-07-07,4085.0
2004-07-08,4089.0
2004-07-09,4105.0
2004-07-12,4130.0
2004-07-13,4144.0
2004-07-14,4146.0
2004-07-15,4151.0
2004-07-16,4157.0
2004-07-19,4214.0
2004-07-20,4246.0
2004-07-21,4297.0
2004-07-22,4330.0
2004-07-23,4375.0
2004-07-26,4437.0
2004-07-27,4473.0
2004-07-28,4497.0
2004-07-29,4519.0
2004-07-30,4641.0
2004-08-02,4645.0
2004-08-03,4645.0
2004-08-04,4635.0
2004-08-05,4630.0
2004-08-06,4630.0
2004-08-09,4629.0
2004-08-10,4622.0
2004-08-11,4611.0
2004-08-12,4611.0
2004-08-13,4593.0
2004-08-16,4593.0
2004-08-17,4600.0
2004-08-18,4600.0
2004-08-19,4592.0
2004-08-20,4592.0
2004-08-23,4592.0
2004-08-24,4627.0
2004-08-25,4627.0
2004-08-26,4635.0
2004-08-27,4644.0
2004-08-30,4662.0
2004-09-01,4685.0
2004-09-02,4682.0
2004-09-03,4690.0
2004-09-06,4699.0
2004-09-07,4704.0
2004-09-08,4708.0
2004-09-09,4709.0
2004-09-10,4704.0
2004-09-13,4704.0
2004-09-14,4694.0
2004-09-15,4694.0
2004-09-16,4705.0
2004-09-17,4705.0
2004-09-20,4702.0
2004-09-21,4684.0
2004-09-22,4684.0
2004-09-23,4690.0
2004-09-24,4687.0
2004-09-27,4687.0
2004-09-28,4687.0
2004-09-29,4687.0
2004-09-30,4687.0
2004-10-08,4687.0
2004-10-11,4705.0
2004-10-13,4705.0
2004-10-14,4709.0
2004-10-15,4709.0
2004-10-18,4710.0
2004-10-20,4711.0
2004-10-21,4710.0
2004-10-22,4710.0
2004-10-25,4712.0
2004-10-26,4714.0
2004-10-27,4711.0
2004-10-28,4716.0
2004-10-29,4715.0
2004-11-02,4725.0
2004-11-03,4731.0
2004-11-04,4731.0
2004-11-05,4731.0
2004-11-08,4735.0
2004-11-10,4730.0
2004-11-11,4733.0
2004-11-12,4733.0
2004-11-15,4733.0
2004-11-16,4734.0
2004-11-17,4732.0
2004-11-18,4732.0
2004-11-22,4733.0
2004-11-23,4728.0
2004-11-24,4730.0
2004-11-29,4756.0
2004-11-30,4767.0
2004-12-01,4776.0
2004-12-02,4783.0
2004-12-03,4801.0
2004-12-06,4829.0
2004-12-07,4844.0
2004-12-08,4846.0
2004-12-09,4853.0
2004-12-10,4861.0
2004-12-13,4875.0
2004-12-14,4890.0
2004-12-15,4904.0
2004-12-16,4899.0
2004-12-17,4912.0
2004-12-20,4928.0
2004-12-21,4952.0
2004-12-22,4961.0
2004-12-23,4964.0
2004-12-24,4977.0
2004-12-28,5021.0
2004-12-30,5021.0
2005-01-04,5036.0
2005-01-05,5049.0
2005-01-06,5064.0
2005-01-07,5074.0
2005-01-10,5080.0
2005-01-11,5075.0
2005-01-12,5073.0
2005-01-13,5085.0
2005-01-17,5089.0
2005-01-18,5097.0
2005-01-19,5099.0
2005-01-20,5098.0
2005-01-21,5098.0
2005-01-25,5092.0
2005-01-26,5095.0
2005-01-27,5103.0
2005-01-28,5103.0
2005-01-31,5114.0
2005-02-01,5119.0
2005-02-02,5128.0
2005-02-03,5128.0
2005-02-17,5128.0
2005-02-18,5139.0
2005-02-21,5147.0
2005-02-24,5182.0
2005-02-25,5182.0
2005-02-28,5223.0
2005-03-01,5254.0
2005-03-03,5262.0
2005-03-07,5259.0
2005-03-09,5340.0
2005-03-11,5383.0
2005-03-14,5427.0
2005-03-15,5413.0
2005-03-16,5431.0
2005-03-17,5452.0
2005-03-21,5466.0
2005-03-22,5468.0
2005-03-23,5468.0
2005-03-25,5468.0
2005-03-28,5499.0
2005-03-29,5499.0
2005-03-30,5501.0
2005-03-31,5501.0
2005-04-01,5496.0
2005-04-04,5489.0
2005-04-05,5481.0
2005-04-06,5462.0
2005-04-07,5437.0
2005-04-08,5411.0
2005-04-11,5383.0
2005-04-12,5355.0
2005-04-13,5364.0
2005-04-14,5361.0
2005-04-15,5353.0
2005-04-18,5324.0
2005-04-20,5183.0
2005-04-21,5157.0
2005-04-25,5119.0
2005-04-26,5121.0
2005-04-27,5121.0
2005-04-28,5069.0
2005-04-29,5069.0
2005-05-10,5122.0
2005-05-11,5119.0
2005-05-12,5115.0
2005-05-17,5094.0
2005-05-18,5079.0
2005-05-19,5054.0
2005-05-20,5031.0
2005-05-23,5022.0
2005-05-24,4961.0
2005-05-25,4886.0
2005-05-26,4853.0
2005-05-27,4853.0
2005-05-30,4816.0
2005-05-31,4789.0
2005-06-01,4771.0
2005-06-02,4717.0
2005-06-03,4672.0
2005-06-07,4531.0
2005-06-08,4422.0
2005-06-09,4325.0
2005-06-13,4271.0
2005-06-14,4261.0
2005-06-15,4260.0
2005-06-16,4185.0
2005-06-17,4167.0
2005-06-20,4130.0
2005-06-21,4187.0
2005-06-22,4044.0
2005-06-23,4004.0
2005-06-24,4004.0
2005-06-27,3917.0
2005-06-28,3866.0
2005-06-29,3799.0
2005-06-30,3787.0
2005-07-01,3787.0
2005-07-04,3874.0
2005-07-05,3954.0
2005-07-06,3995.0
2005-07-07,3988.0
2005-07-08,3952.0
2005-07-11,3898.0
2005-07-12,3858.0
2005-07-13,3818.0
2005-07-14,3801.0
2005-07-15,3824.0
2005-07-18,3826.0
2005-07-19,3838.0
2005-07-25,3811.0
2005-07-26,3815.0
2005-07-27,3811.0
2005-07-28,3811.0
2005-07-29,3814.0
2005-08-01,3827.0
2005-08-02,3850.0
2005-08-03,3869.0
2005-08-04,3876.0
2005-08-05,3881.0
2005-08-08,3900.0
2005-08-09,3900.0
2005-08-10,3905.0
2005-08-11,3907.0
2005-08-12,3910.0
2005-08-15,3937.0
2005-08-16,3933.0
2005-08-17,3935.0
2005-08-18,3932.0
2005-08-19,3931.0
2005-08-22,3928.0
2005-08-23,3930.0
2005-08-24,3926.0
2005-08-25,3922.0
2005-08-26,3920.0
2005-08-29,3922.0
2005-08-30,3922.0
2005-08-31,3923.0
2005-09-01,3935.0
2005-09-02,3937.0
2005-09-05,3944.0
2005-09-06,3944.0
2005-09-08,3941.0
2005-09-09,3938.0
2005-09-12,3929.0
2005-09-13,3922.0
2005-09-14,3904.0
2005-09-15,3898.0
2005-09-16,3884.0
2005-09-19,3872.0
2005-09-20,3867.0
2005-09-21,3861.0
2005-09-22,3857.0
2005-09-23,3832.0
2005-09-27,3764.0
2005-09-28,3755.0
2005-09-29,3737.0
2005-10-10,3653.0
2005-10-11,3622.0
2005-10-12,3584.0
2005-10-13,3586.0
2005-10-14,3540.0
2005-10-17,3484.0
2005-10-18,3434.0
2005-10-19,3417.0
2005-10-20,3401.0
2005-10-21,3381.0
2005-10-24,3351.0
2005-10-25,3348.0
2005-10-26,3348.0
2005-10-27,3369.0
2005-10-31,3360.0
2005-11-01,3377.0
2005-11-02,3382.0
2005-11-03,3381.0
2005-11-04,3371.0
2005-11-07,3352.0
2005-11-08,3338.0
2005-11-09,3338.0
2005-11-10,3335.0
2005-11-11,3333.0
2005-11-15,3323.0
2005-11-16,3298.0
2005-11-17,3290.0
2005-11-18,3268.0
2005-11-22,3248.0
2005-11-23,3239.0
2005-11-24,3230.0
2005-11-29,3217.0
2005-11-30,3175.0
2005-12-01,3148.0
2005-12-02,3136.0
2005-12-05,3125.0
2005-12-06,3097.0
2005-12-07,3083.0
2005-12-08,3076.0
2005-12-09,3076.0
2005-12-12,3071.0
2005-12-13,3059.0
2005-12-14,3048.0
2005-12-15,3027.0
2005-12-16,3018.0
2005-12-19,3013.0
2005-12-20,3012.0
2005-12-21,3012.0
2005-12-22,3015.0
2005-12-23,3015.0
2005-12-27,3016.0
2005-12-28,3018.0
2005-12-29,3016.0
2005-12-30,3019.0
2006-01-04,3021.0
2006-01-05,3021.0
2006-01-06,3029.0
2006-01-09,3031.0
2006-01-10,3033.0
2006-01-11,3038.0
2006-01-12,3051.0
2006-01-13,3066.0
2006-01-16,3087.0
2006-01-17,3104.0
2006-01-18,3109.0
2006-01-19,3109.0
2006-01-20,3126.0
2006-01-23,3126.0
2006-01-24,3163.0
2006-01-25,3163.0
2006-01-26,3203.0
2006-02-06,3203.0
2006-02-07,3249.0
2006-02-08,3254.0
2006-02-09,3264.0
2006-02-10,3292.0
2006-02-13,3330.0
2006-02-14,3406.0
2006-02-15,3423.0
2006-02-16,3425.0
2006-02-17,3430.0
2006-02-20,3438.0
2006-02-21,3449.0
2006-02-22,3448.0
2006-02-23,3455.0
2006-02-24,3486.0
2006-02-27,3559.0
2006-02-28,3572.0
2006-03-01,3572.0
2006-03-02,3644.0
2006-03-03,3644.0
2006-03-06,3779.0
2006-03-07,3890.0
2006-03-08,3933.0
2006-03-09,3923.0
2006-03-10,3894.0
2006-03-13,3886.0
2006-03-14,3899.0
2006-03-15,3894.0
2006-03-16,3885.0
2006-03-17,3862.0
2006-03-20,3858.0
2006-03-21,3854.0
2006-03-22,3846.0
2006-03-23,3840.0
2006-03-24,3856.0
2006-03-27,3914.0
2006-03-28,3914.0
2006-03-29,3920.0
2006-03-30,3955.0
2006-03-31,3956.0
2006-04-03,4007.0
2006-04-04,4035.0
2006-04-05,4040.0
2006-04-06,4035.0
2006-04-07,4037.0
2006-04-10,4042.0
2006-04-11,4074.0
2006-04-12,4067.0
2006-04-13,4064.0
2006-04-14,4064.0
2006-04-17,4067.0
2006-04-18,4057.0
2006-04-19,4048.0
2006-04-20,4041.0
2006-04-21,4035.0
2006-04-24,4028.0
2006-04-25,4024.0
2006-04-26,4028.0
2006-04-27,4023.0
2006-04-28,4026.0
2006-05-09,4077.0
2006-05-10,4096.0
2006-05-11,4096.0
2006-05-12,4114.0
2006-05-15,4149.0
2006-05-16,4182.0
2006-05-17,4188.0
2006-05-18,4188.0
2006-05-19,4153.0
2006-05-22,4152.0
2006-05-23,4168.0
2006-05-24,4189.0
2006-05-25,4223.0
2006-05-26,4235.0
2006-05-29,4277.0
2006-05-30,4326.0
2006-05-31,4373.0
2006-06-01,4446.0
2006-06-02,4540.0
2006-06-05,4581.0
2006-06-06,4627.0
2006-06-07,4647.0
2006-06-08,4670.0
2006-06-09,4678.0
2006-06-12,4668.0
2006-06-13,4666.0
2006-06-14,4658.0
2006-06-15,4637.0
2006-06-16,4628.0
2006-06-19,4640.0
2006-06-20,4633.0
2006-06-21,4624.0
2006-06-22,4604.0
2006-06-23,4601.0
2006-06-26,4589.0
2006-06-27,4570.0
2006-06-28,4541.0
2006-06-29,4528.0
2006-06-30,4508.0
2006-07-03,4508.0
2006-07-04,4485.0
2006-07-05,4411.0
2006-07-06,4374.0
2006-07-07,4353.0
2006-07-10,4340.0
2006-07-11,4276.0
2006-07-12,4172.0
2006-07-13,4120.0
2006-07-14,4070.0
2006-07-17,4068.0
2006-07-18,4060.0
2006-07-19,4060.0
2006-07-20,4060.0
2006-07-21,3955.0
2006-07-24,3933.0
2006-07-25,3905.0
2006-07-26,3880.0
2006-07-27,3873.0
2006-07-28,3892.0
2006-07-31,3904.0
2006-08-01,3914.0
2006-08-02,3921.0
2006-08-03,3921.0
2006-08-04,3921.0
2006-08-07,3921.0
2006-08-08,3926.0
2006-08-09,3921.0
2006-08-10,3921.0
2006-08-11,3928.0
2006-08-14,3925.0
2006-08-15,3925.0
2006-08-16,3925.0
2006-08-17,3925.0
2006-08-18,3925.0
2006-08-21,3925.0
2006-08-22,3925.0
2006-08-23,3928.0
2006-08-24,3935.0
2006-08-25,3935.0
2006-08-28,3943.0
2006-08-29,3953.0
2006-08-30,3956.0
2006-08-31,3958.0
2006-09-01,3963.0
2006-09-04,3971.0
2006-09-05,3999.0
2006-09-06,4004.0
2006-09-07,4002.0
2006-09-08,3999.0
2006-09-11,4004.0
2006-09-12,4001.0
2006-09-13,4001.0
2006-09-14,3999.0
2006-09-15,4001.0
2006-09-18,3995.0
2006-09-19,3998.0
2006-09-20,4009.0
2006-09-21,4015.0
2006-09-22,4033.0
2006-09-25,4026.0
2006-09-26,4030.0
2006-09-27,4030.0
2006-09-28,4035.0
2006-09-29,4035.0
2006-10-09,4049.0
2006-10-10,4061.0
2006-10-11,4059.0
2006-10-12,4066.0
2006-10-13,4066.0
2006-10-16,4065.0
2006-10-17,4064.0
2006-10-18,4062.0
2006-10-19,4059.0
2006-10-20,4057.0
2006-10-23,4037.0
2006-10-24,4022.0
2006-10-25,4014.0
2006-10-26,4002.0
2006-10-27,3991.0
2006-10-30,3971.0
2006-10-31,3948.0
2006-11-01,3924.0
2006-11-02,3910.0
2006-11-03,3905.0
2006-11-06,3900.0
2006-11-07,3893.0
2006-11-08,3895.0
2006-11-09,3895.0
2006-11-10,3881.0
2006-11-13,3880.0
2006-11-14,3887.0
2006-11-15,3887.0
2006-11-16,3878.0
2006-11-17,3878.0
2006-11-20,3867.0
2006-11-21,3864.0
2006-11-22,3842.0
2006-11-23,3838.0
2006-11-24,3835.0
2006-11-27,3827.0
2006-11-28,3824.0
2006-11-29,3829.0
2006-11-30,3832.0
2006-12-01,3837.0
2006-12-04,3845.0
2006-12-05,3848.0
2006-12-06,3853.0
2006-12-07,3853.0
2006-12-08,3848.0
2006-12-11,3848.0
2006-12-12,3854.0
2006-12-13,3854.0
2006-12-14,3854.0
2006-12-15,3859.0
2006-12-18,3859.0
2006-12-19,3859.0
2006-12-20,3859.0
2006-12-21,3859.0
2006-12-22,3859.0
2006-12-25,3877.0
2006-12-26,3886.0
2006-12-27,3898.0
2006-12-28,3905.0
2006-12-29,3922.0
2007-01-04,4012.0
2007-01-05,4025.0
2007-01-08,4064.0
2007-01-09,4120.0
2007-01-10,4134.0
2007-01-11,4143.0
2007-01-12,4143.0
2007-01-15,4143.0
2007-01-16,4152.0
2007-01-17,4152.0
2007-01-18,4160.0
2007-01-19,4157.0
2007-01-22,4158.0
2007-01-23,4158.0
2007-01-24,4174.0
2007-01-25,4174.0
2007-01-26,4177.0
2007-01-29,4177.0
2007-01-30,4172.0
2007-01-31,4172.0
2007-02-01,4193.0
2007-02-02,4201.0
2007-02-05,4217.0
2007-02-06,4237.0
2007-02-07,4254.0
2007-02-08,4257.0
2007-02-09,4249.0
2007-02-12,4249.0
2007-02-13,4245.0
2007-02-14,4245.0
2007-02-15,4245.0
2007-02-26,4255.0
2007-02-27,4262.0
2007-02-28,4265.0
2007-03-01,4288.0
2007-03-02,4293.0
2007-03-05,4295.0
2007-03-06,4295.0
2007-03-07,4295.0
2007-03-08,4295.0
2007-03-09,4288.0
2007-03-12,4283.0
2007-03-14,4271.0
2007-03-15,4255.0
2007-03-16,4246.0
2007-03-19,4213.0
2007-03-20,4202.0
2007-03-21,4199.0
2007-03-22,4196.0
2007-03-23,4196.0
2007-03-26,4199.0
2007-03-27,4195.0
2007-03-28,4198.0
2007-03-29,4193.0
2007-03-30,4201.0
2007-04-02,4205.0
2007-04-03,4212.0
2007-04-04,4230.0
2007-04-05,4230.0
2007-04-06,4235.0
2007-04-09,4238.0
2007-04-10,4266.0
2007-04-11,4263.0
2007-04-12,4263.0
2007-04-13,4272.0
2007-04-16,4282.0
2007-04-17,4285.0
2007-04-18,4285.0
2007-04-19,4285.0
2007-04-20,4285.0
2007-04-23,4285.0
2007-04-24,4289.0
2007-04-25,4288.0
2007-04-26,4285.0
2007-04-27,4285.0
2007-05-08,4304.0
2007-05-09,4307.0
2007-05-10,4322.0
2007-05-11,4327.0
2007-05-15,4354.0
2007-05-16,4354.0
2007-05-17,4353.0
2007-05-18,4350.0
2007-05-21,4348.0
2007-05-22,4342.0
2007-05-23,4328.0
2007-05-24,4306.0
2007-05-25,4294.0
2007-05-28,4291.0
2007-05-29,4286.0
2007-05-30,4278.0
2007-05-31,4265.0
2007-06-01,4262.0
2007-06-04,4255.0
2007-06-05,4237.0
2007-06-06,4225.0
2007-06-07,4191.0
2007-06-08,4181.0
2007-06-11,4169.0
2007-06-12,4156.0
2007-06-13,4144.0
2007-06-14,4143.0
2007-06-15,4127.0
2007-06-18,4111.0
2007-06-19,4101.0
2007-06-20,4077.0
2007-06-21,4074.0
2007-06-22,4066.0
2007-06-25,4048.0
2007-06-26,4045.0
2007-06-27,4044.0
2007-06-28,4024.0
2007-06-29,3994.0
2007-07-02,3966.0
2007-07-03,3951.0
2007-07-04,3940.0
2007-07-05,3934.0
2007-07-06,3924.0
2007-07-09,3914.0
2007-07-10,3899.0
2007-07-11,3893.0
2007-07-12,3883.0
2007-07-13,3883.0
2007-07-16,3895.0
2007-07-17,3891.0
2007-07-18,3904.0
2007-07-19,3906.0
2007-07-20,3906.0
2007-07-23,3921.0
2007-07-24,3911.0
2007-07-25,3916.0
2007-07-26,3926.0
2007-07-27,3956.0
2007-07-30,3971.0
2007-07-31,4022.0
2007-08-01,4037.0
2007-08-02,4037.0
2007-08-03,4042.0
2007-08-06,4032.0
2007-08-07,4038.0
2007-08-08,4049.0
2007-08-09,4057.0
2007-08-10,4057.0
2007-08-13,4053.0
2007-08-14,4055.0
2007-08-15,4069.0
2007-08-16,4076.0
2007-08-17,4120.0
2007-08-20,4134.0
2007-08-21,4158.0
2007-08-22,4189.0
2007-08-23,4207.0
2007-08-24,4232.0
2007-08-27,4276.0
2007-08-28,4313.0
2007-08-29,4343.0
2007-08-30,4350.0
2007-08-31,4347.0
2007-09-03,4364.0
2007-09-04,4396.0
2007-09-05,4413.0
2007-09-06,4429.0
2007-09-07,4443.0
2007-09-10,4491.0
2007-09-11,4503.0
2007-09-12,4503.0
2007-09-13,4497.0
2007-09-14,4480.0
2007-09-17,4448.0
2007-09-18,4439.0
2007-09-19,4429.0
2007-09-20,4417.0
2007-09-21,4414.0
2007-09-24,4428.0
2007-09-25,4406.0
2007-09-26,4401.0
2007-09-27,4389.0
2007-09-28,4382.0
2007-10-08,4387.0
2007-10-09,4382.0
2007-10-10,4382.0
2007-10-11,4377.0
2007-10-12,4377.0
2007-10-15,4372.0
2007-10-16,4374.0
2007-10-17,4367.0
2007-10-18,4364.0
2007-10-19,4369.0
2007-10-22,4384.0
2007-10-23,4392.0
2007-10-24,4397.0
2007-10-25,4399.0
2007-10-26,4404.0
2007-10-29,4404.0
2007-10-30,4404.0
2007-10-31,4404.0
2007-11-01,4404.0
2007-11-02,4411.0
2007-11-05,4422.0
2007-11-06,4446.0
2007-11-07,4434.0
2007-11-08,4454.0
2007-11-09,4451.0
2007-11-12,4463.0
2007-11-13,4465.0
2007-11-14,4496.0
2007-11-15,4503.0
2007-11-16,4506.0
2007-11-19,4516.0
2007-11-20,4516.0
2007-11-21,4515.0
2007-11-22,4530.0
2007-11-23,4532.0
2007-11-26,4540.0
2007-11-27,4569.0
2007-11-28,4581.0
2007-11-29,4581.0
2007-11-30,4581.0
2007-12-03,4763.0
2007-12-04,4819.0
2007-12-05,4834.0
2007-12-06,4832.0
2007-12-07,4832.0
2007-12-10,4830.0
2007-12-11,4829.0
2007-12-12,4829.0
2007-12-13,4828.0
2007-12-14,4823.0
2007-12-17,4822.0
2007-12-18,4822.0
2007-12-19,4809.0
2007-12-20,4804.0
2007-12-21,4799.0
2007-12-24,4812.0
2007-12-26,4814.0
2007-12-28,4819.0
2008-01-02,4844.0
2008-01-03,4869.0
2008-01-04,4889.0
2008-01-07,4887.0
2008-01-08,4895.0
2008-01-09,4895.0
2008-01-10,4891.0
2008-01-11,4913.0
2008-01-14,4911.0
2008-01-15,4901.0
2008-01-16,4897.0
2008-01-17,4894.0
2008-01-18,4894.0
2008-01-21,4889.0
2008-01-22,4889.0
2008-01-23,4893.0
2008-01-24,4893.0
2008-01-25,4907.0
2008-01-28,4909.0
2008-01-29,4909.0
2008-01-30,4909.0
2008-01-31,4912.0
2008-02-01,4919.0
2008-02-18,5008.0
2008-02-19,5061.0
2008-02-20,5111.0
2008-02-21,5200.0
2008-02-22,5234.0
2008-02-25,5289.0
2008-02-26,5341.0
2008-02-27,5357.0
2008-02-28,5380.0
2008-02-29,5392.0
2008-03-03,5481.0
2008-03-04,5501.0
2008-03-05,5496.0
2008-03-06,5496.0
2008-03-07,5483.0
2008-03-10,5475.0
2008-03-11,5475.0
2008-03-12,5474.0
2008-03-13,5466.0
2008-03-14,5461.0
2008-03-17,5452.0
2008-03-18,5446.0
2008-03-19,5434.0
2008-03-20,5421.0
2008-03-21,5421.0
2008-03-24,5427.0
2008-03-25,5439.0
2008-03-26,5442.0
2008-03-27,5461.0
2008-03-28,5484.0
2008-03-31,5512.0
2008-04-01,5559.0
2008-04-02,5559.0
2008-04-03,5554.0
2008-04-07,5549.0
2008-04-08,5560.0
2008-04-09,5560.0
2008-04-10,5466.0
2008-04-11,5469.0
2008-04-15,5490.0
2008-04-16,5492.0
2008-04-17,5484.0
2008-04-18,5490.0
2008-04-21,5492.0
2008-04-22,5504.0
2008-04-23,5521.0
2008-04-24,5535.0
2008-04-25,5545.0
2008-04-28,5581.0
2008-04-29,5626.0
2008-04-30,5645.0
2008-05-02,5693.0
2008-05-05,5757.0
2008-05-06,5774.0
2008-05-07,5776.0
2008-05-08,5789.0
2008-05-09,5799.0
2008-05-12,5815.0
2008-05-13,5819.0
2008-05-14,5827.0
2008-05-15,5835.0
2008-05-16,5835.0
2008-05-19,5826.0
2008-05-20,5825.0
2008-05-21,5825.0
2008-05-22,5816.0
2008-05-23,5826.0
2008-05-26,5827.0
2008-05-27,5837.0
2008-05-28,5840.0
2008-05-29,5861.0
2008-05-30,5875.0
2008-06-02,5918.0
2008-06-03,5949.0
2008-06-04,5955.0
2008-06-05,5957.0
2008-06-06,5952.0
2008-06-10,5946.0
2008-06-11,5946.0
2008-06-12,5946.0
2008-06-13,5944.0
2008-06-16,5944.0
2008-06-17,5917.0
2008-06-18,5904.0
2008-06-19,5879.0
2008-06-20,5868.0
2008-06-23,5870.0
2008-06-24,5877.0
2008-06-25,5882.0
2008-06-26,5883.0
2008-06-27,5882.0
2008-06-30,5891.0
2008-07-01,5916.0
2008-07-02,5928.0
2008-07-04,5950.0
2008-07-07,5947.0
2008-07-08,5944.0
2008-07-09,5938.0
2008-07-10,5946.0
2008-07-11,5941.0
2008-07-14,5951.0
2008-07-15,5956.0
2008-07-16,5956.0
2008-07-17,5955.0
2008-07-18,5947.0
2008-07-21,5947.0
2008-07-22,5939.0
2008-07-23,5913.0
2008-07-24,5897.0
2008-07-25,5877.0
2008-07-28,5875.0
2008-07-29,5860.0
2008-07-30,5855.0
2008-07-31,5824.0
2008-08-01,5812.0
2008-08-04,5797.0
2008-08-05,5770.0
2008-08-06,5747.0
2008-08-07,5715.0
2008-08-08,5696.0
2008-08-11,5663.0
2008-08-12,5614.0
2008-08-13,5562.0
2008-08-14,5527.0
2008-08-15,5487.0
2008-08-18,5412.0
2008-08-19,5396.0
2008-08-20,5338.0
2008-08-21,5266.0
2008-08-22,5266.0
2008-08-25,5182.0
2008-08-26,5171.0
2008-08-27,5159.0
2008-08-28,5174.0
2008-08-29,5165.0
2008-09-01,5163.0
2008-09-02,5220.0
2008-09-03,5225.0
2008-09-04,5234.0
2008-09-05,5234.0
2008-09-08,5217.0
2008-09-09,5209.0
2008-09-10,5187.0
2008-09-12,5114.0
2008-09-16,5067.0
2008-09-17,5067.0
2008-09-18,5047.0
2008-09-19,5032.0
2008-09-22,5017.0
2008-09-23,5011.0
2008-09-24,4958.0
2008-09-25,4901.0
2008-09-26,4863.0
2008-10-06,4791.0
2008-10-07,4663.0
2008-10-08,4467.0
2008-10-09,4230.0
2008-10-10,4085.0
2008-10-13,4013.0
2008-10-14,3908.0
2008-10-15,3832.0
2008-10-16,3779.0
2008-10-17,3645.0
2008-10-20,3590.0
2008-10-21,3630.0
2008-10-22,3648.0
2008-10-23,3620.0
2008-10-24,3560.0
2008-10-27,3545.0
2008-10-28,3545.0
2008-10-29,3540.0
2008-10-30,3647.0
2008-10-31,3495.0
2008-11-03,3475.0
2008-11-04,3458.0
2008-11-05,3436.0
2008-11-06,3135.0
2008-11-07,3412.0
2008-11-10,3200.0
2008-11-11,3200.0
2008-11-12,3150.0
2008-11-13,2850.0
2008-11-14,3288.0
2008-11-17,3313.0
2008-11-18,3288.0
2008-11-19,3473.0
2008-11-20,3543.0
2008-11-21,3543.0
2008-11-24,3518.0
2008-11-25,3524.0
2008-11-26,3569.0
2008-11-27,3569.0
2008-11-28,3594.0
2008-12-01,3609.0
2008-12-02,3640.0
2008-12-03,3657.0
2008-12-04,3676.0
2008-12-05,3681.0
2008-12-08,3681.0
2008-12-09,3673.0
2008-12-10,3671.0
2008-12-11,3653.0
2008-12-12,3653.0
2008-12-15,3681.0
2008-12-16,3690.0
2008-12-17,3698.0
2008-12-18,3716.0
2008-12-19,3720.0
2008-12-22,3742.0
2008-12-23,3742.0
2008-12-24,3824.0
2008-12-25,3824.0
2008-12-26,3827.0
2008-12-29,3851.0
2008-12-30,3923.0
2008-12-31,3938.0
2009-01-05,4070.0
2009-01-06,4075.0
2009-01-07,4060.0
2009-01-08,4068.0
2009-01-09,4073.0
2009-01-12,4068.0
2009-01-13,4048.0
2009-01-14,4043.0
2009-01-15,4075.0
2009-01-16,4053.0
2009-01-19,4096.0
2009-01-20,4000.0
2009-02-02,4100.0
2009-02-03,4113.0
2009-02-04,4172.0
2009-02-05,4167.0
2009-02-06,4155.0
2009-02-09,4000.0
2009-02-10,4083.0
2009-02-11,4071.0
2009-02-12,4027.0
2009-02-13,3982.0
2009-02-16,3938.0
2009-02-17,3895.0
2009-02-18,3838.0
2009-02-19,3792.0
2009-02-20,3788.0
2009-02-23,3803.0
2009-02-24,3776.0
2009-02-25,3723.0
2009-02-26,3548.0
2009-02-27,3719.0
2009-03-02,3699.0
2009-03-03,3677.0
2009-03-04,3645.0
2009-03-05,3632.0
2009-03-06,3615.0
2009-03-09,3633.0
2009-03-10,3635.0
2009-03-11,3405.0
2009-03-12,3401.0
2009-03-13,3468.0
2009-03-16,3471.0
2009-03-17,3571.0
2009-03-18,3374.0
2009-03-19,3372.0
2009-03-20,3370.0
2009-03-23,3570.0
2009-03-24,3560.0
2009-03-25,3597.0
2009-03-26,3587.0
2009-03-27,3587.0
2009-03-30,3592.0
2009-03-31,3592.0
2009-04-01,3335.0
2009-04-02,3576.0
2009-04-03,3507.0
2009-04-07,3483.0
2009-04-08,3468.0
2009-04-09,3447.0
2009-04-10,3447.0
2009-04-13,3431.0
2009-04-14,3358.0
2009-04-15,3346.0
2009-04-16,3348.0
2009-04-17,3369.0
2009-04-20,3350.0
2009-04-21,3445.0
2009-04-22,3429.0
2009-04-23,3350.0
2009-04-24,3407.0
2009-04-27,3431.0
2009-04-28,3442.0
2009-04-29,3470.0
2009-04-30,3460.0
2009-05-04,3482.0
2009-05-05,3495.0
2009-05-06,3495.0
2009-05-07,3491.0
2009-05-08,3514.0
2009-05-11,3546.0
2009-05-12,3562.0
2009-05-13,3565.0
2009-05-14,3584.0
2009-05-15,3520.0
2009-05-18,3619.0
2009-05-19,3622.0
2009-05-20,3624.0
2009-05-21,3615.0
2009-05-22,3594.0
2009-05-25,3581.0
2009-05-26,3586.0
2009-05-27,3600.0
2009-06-01,3641.0
2009-06-02,3643.0
2009-06-03,3641.0
2009-06-04,3636.0
2009-06-05,3631.0
2009-06-08,3657.0
2009-06-09,3659.0
2009-06-10,3655.0
2009-06-11,3655.0
2009-06-12,3685.0
2009-06-15,3696.0
2009-06-16,3718.0
2009-06-17,3727.0
2009-06-18,3746.0
2009-06-19,3746.0
2009-06-22,3770.0
2009-06-23,3793.0
2009-06-24,3793.0
2009-06-25,3821.0
2009-06-26,3834.0
2009-06-29,3834.0
2009-06-30,3798.0
2009-07-01,3694.0
2009-07-02,3700.0
2009-07-03,3717.0
2009-07-06,3825.0
2009-07-07,3825.0
2009-07-08,3834.0
2009-07-09,3834.0
2009-07-10,3858.0
2009-07-13,3887.0
2009-07-14,3922.0
2009-07-15,3910.0
2009-07-17,3995.0
2009-07-20,4036.0
2009-07-21,3971.0
2009-07-22,4059.0
2009-07-23,4050.0
2009-07-24,4061.0
2009-07-27,4112.0
2009-07-28,4161.0
2009-07-29,4169.0
2009-07-30,4176.0
2009-07-31,4180.0
2009-08-03,4348.0
2009-08-04,4423.0
2009-08-05,4410.0
2009-08-06,4415.0
2009-08-07,4420.0
2009-08-10,4330.0
2009-08-11,4259.0
2009-08-12,4228.0
2009-08-13,4151.0
2009-08-14,4138.0
2009-08-17,4084.0
2009-08-18,4005.0
2009-08-19,3938.0
2009-08-20,3854.0
2009-08-21,3906.0
2009-08-24,3908.0
2009-08-25,3872.0
2009-08-26,3845.0
2009-08-27,3863.0
2009-08-28,3864.0
2009-08-31,3859.0
2009-09-01,3817.0
2009-09-02,3789.0
2009-09-03,3754.0
2009-09-04,3752.0
2009-09-07,3749.0
2009-09-08,3588.0
2009-09-09,3593.0
2009-09-10,3620.0
2009-09-11,3612.0
2009-09-14,3600.0
2009-09-15,3588.0
2009-09-16,3581.0
2009-09-17,3581.0
2009-09-18,3568.0
2009-09-21,3553.0
2009-09-22,3535.0
2009-09-23,3508.0
2009-09-24,3456.0
2009-09-25,3443.0
2009-09-28,3424.0
2009-10-09,3402.0
2009-10-13,3327.0
2009-10-14,3316.0
2009-10-15,3313.0
2009-10-16,3344.0
2009-10-19,3390.0
2009-10-20,3422.0
2009-10-21,3409.0
2009-10-22,3470.0
2009-10-23,3470.0
2009-10-26,3515.0
2009-10-27,3567.0
2009-10-28,3556.0
2009-10-29,3503.0
2009-10-30,3511.0
2009-11-02,3521.0
2009-11-03,3533.0
2009-11-04,3527.0
2009-11-05,3532.0
2009-11-06,3535.0
2009-11-09,3588.0
2009-11-10,3624.0
2009-11-11,3622.0
2009-11-12,3628.0
2009-11-13,3630.0
2009-11-16,3636.0
2009-11-17,3667.0
2009-11-18,3658.0
2009-11-19,3662.0
2009-11-20,3695.0
2009-11-23,3725.0
2009-11-24,3756.0
2009-11-25,3754.0
2009-11-26,3757.0
2009-11-27,3754.0
2009-11-30,3693.0
2009-12-01,3694.0
2009-12-02,3699.0
2009-12-03,3711.0
2009-12-04,3678.0
2009-12-07,3832.0
2009-12-08,3720.0
2009-12-09,3816.0
2009-12-10,3693.0
2009-12-11,3712.0
2009-12-14,3736.0
2009-12-15,3736.0
2009-12-16,3764.0
2009-12-17,3755.0
2009-12-18,3846.0
2009-12-21,3870.0
2009-12-22,3812.0
2009-12-23,3841.0
2009-12-24,3834.0
2009-12-25,3850.0
2009-12-28,3865.0
2009-12-29,3890.0
2009-12-30,3896.0
2009-12-31,3899.0
2010-01-04,3930.0
2010-01-05,3956.0
2010-01-06,3964.0
2010-01-07,3967.0
2010-01-08,3917.0
2010-01-11,3934.0
2010-01-12,3943.0
2010-01-13,3925.0
2010-01-14,3926.0
2010-01-15,3913.0
2010-01-18,3885.0
2010-01-19,3889.0
2010-01-20,3882.0
2010-01-21,3854.0
2010-01-22,3827.0
2010-01-25,3800.0
2010-01-26,3798.0
2010-01-27,3793.0
2010-01-28,3801.0
2010-01-29,3810.0
2010-02-01,3819.0
2010-02-02,3821.0
2010-02-03,3808.0
2010-02-04,3810.0
2010-02-05,3815.0
2010-02-08,3815.0
2010-02-09,3815.0
2010-02-22,3875.0
2010-02-23,3875.0
2010-02-24,3876.0
2010-02-25,3883.0
2010-02-26,3896.0
2010-03-01,3921.0
2010-03-02,3948.0
2010-03-03,3948.0
2010-03-04,3962.0
2010-03-05,3965.0
2010-03-08,3974.0
2010-03-09,3995.0
2010-03-10,4028.0
2010-03-11,4069.0
2010-03-12,4099.0
2010-03-15,4185.0
2010-03-16,4221.0
2010-03-17,4263.0
2010-03-18,4241.0
2010-03-19,4248.0
2010-03-22,4298.0
2010-03-23,4319.0
2010-03-24,4302.0
2010-03-26,4384.0
2010-03-29,4428.0
2010-03-30,4443.0
2010-03-31,4426.0
2010-04-01,4435.0
2010-04-02,4449.0
2010-04-06,4500.0
2010-04-07,4549.0
2010-04-08,4578.0
2010-04-09,4582.0
2010-04-12,4638.0
2010-04-13,4676.0
2010-04-14,4693.0
2010-04-15,4698.0
2010-04-16,4677.0
2010-04-19,4683.0
2010-04-20,4648.0
2010-04-21,4645.0
2010-04-22,4680.0
2010-04-23,4680.0
2010-04-26,4680.0
2010-04-27,4666.0
2010-04-28,4628.0
2010-04-29,4599.0
2010-04-30,4593.0
2010-05-05,4636.0
2010-05-06,4636.0
2010-05-07,4647.0
2010-05-10,4619.0
2010-05-11,4615.0
2010-05-12,4529.0
2010-05-13,4446.0
2010-05-14,4438.0
2010-05-17,4367.0
2010-05-18,4295.0
2010-05-19,4288.0
2010-05-20,4307.0
2010-05-21,4291.0
2010-05-24,4342.0
2010-05-25,4361.0
2010-05-26,4335.0
2010-05-27,4309.0
2010-05-28,4334.0
2010-05-31,4316.0
2010-06-01,4286.0
2010-06-02,4280.0
2010-06-03,4285.0
2010-06-04,4278.0
2010-06-07,4239.0
2010-06-08,4221.0
2010-06-09,4230.0
2010-06-10,4225.0
2010-06-11,4228.0
2010-06-17,4232.0
2010-06-18,4214.0
2010-06-21,4206.0
2010-06-22,4211.0
2010-06-23,4185.0
2010-06-24,4183.0
2010-06-25,4183.0
2010-06-28,4168.0
2010-06-29,4140.0
2010-06-30,4096.0
2010-07-01,4056.0
2010-07-02,3992.0
2010-07-05,3992.0
2010-07-06,3941.0
2010-07-07,3936.0
2010-07-08,3936.0
2010-07-09,3909.0
2010-07-12,3909.0
2010-07-13,3910.0
2010-07-14,3888.0
2010-07-15,3889.0
2010-07-16,3889.0
2010-07-19,3909.0
2010-07-20,3984.0
2010-07-21,4069.0
2010-07-22,4101.0
2010-07-23,4138.0
2010-07-26,4194.0
2010-07-27,4177.0
2010-07-28,4159.0
2010-07-29,4159.0
2010-07-30,4217.0
2010-08-02,4258.0
2010-08-03,4252.0
2010-08-04,4252.0
2010-08-05,4251.0
2010-08-06,4240.0
2010-08-09,4259.0
2010-08-10,4265.0
2010-08-11,4261.0
2010-08-12,4252.0
2010-08-13,4252.0
2010-08-16,4235.0
2010-08-17,4269.0
2010-08-18,4275.0
2010-08-19,4267.0
2010-08-20,4259.0
2010-08-23,4210.0
2010-08-24,4192.0
2010-08-25,4177.0
2010-08-26,4172.0
2010-08-27,4176.0
2010-08-30,4211.0
2010-08-31,4218.0
2010-09-01,4217.0
2010-09-02,4235.0
2010-09-03,4244.0
2010-09-06,4393.0
2010-09-07,4441.0
2010-09-08,4426.0
2010-09-09,4423.0
2010-09-10,4388.0
2010-09-13,4430.0
2010-09-14,4411.0
2010-09-15,4381.0
2010-09-16,4326.0
2010-09-17,4326.0
2010-09-20,4326.0
2010-09-27,4291.0
2010-09-28,4276.0
2010-09-29,4272.0
2010-09-30,4274.0
2010-10-11,4361.0
2010-10-12,4355.0
2010-10-13,4344.0
2010-10-14,4321.0
2010-10-15,4321.0
2010-10-18,4330.0
2010-10-19,4321.0
2010-10-20,4280.0
2010-10-21,4285.0
2010-10-22,4289.0
2010-10-25,4279.0
2010-10-26,4279.0
2010-10-27,4271.0
2010-10-28,4268.0
2010-10-29,4264.0
2010-11-01,4270.0
2010-11-02,4282.0
2010-11-03,4287.0
2010-11-04,4311.0
2010-11-05,4321.0
2010-11-08,4405.0
2010-11-09,4410.0
2010-11-10,4425.0
2010-11-11,4415.0
2010-11-12,4406.0
2010-11-15,4393.0
2010-11-16,4386.0
2010-11-17,4366.0
2010-11-18,4359.0
2010-11-19,4370.0
2010-11-22,4364.0
2010-11-23,4358.0
2010-11-24,4355.0
2010-11-25,4372.0
2010-11-26,4364.0
2010-11-29,4367.0
2010-11-30,4367.0
2010-12-01,4373.0
2010-12-02,4392.0
2010-12-03,4399.0
2010-12-06,4411.0
2010-12-07,4437.0
2010-12-08,4450.0
2010-12-09,4444.0
2010-12-10,4442.0
2010-12-13,4452.0
2010-12-14,4476.0
2010-12-15,4489.0
2010-12-16,4496.0
2010-12-17,4498.0
2010-12-20,4544.0
2010-12-21,4559.0
2010-12-22,4570.0
2010-12-23,4574.0
2010-12-24,4567.0
2010-12-27,4562.0
2010-12-28,4562.0
2010-12-29,4560.0
2010-12-30,4564.0
2010-12-31,4573.0
2011-01-04,4604.0
2011-01-05,4636.0
2011-01-06,4643.0
2011-01-07,4669.0
2011-01-10,4691.0
2011-01-11,4705.0
2011-01-12,4711.0
2011-01-13,4715.0
2011-01-14,4727.0
2011-01-17,4765.0
2011-01-18,4792.0
2011-01-19,4796.0
2011-01-20,4798.0
2011-01-21,4804.0
2011-01-24,4828.0
2011-01-25,4847.0
2011-01-26,4868.0
2011-01-27,4868.0
2011-01-28,4868.0
2011-02-11,4868.0
2011-02-14,4951.0
2011-02-15,4961.0
2011-02-16,4946.0
2011-02-17,4924.0
2011-02-18,4870.0
2011-02-21,4875.0
2011-02-22,4873.0
2011-02-23,4853.0
2011-02-24,4811.0
2011-02-25,4792.0
2011-02-28,4792.0
2011-03-01,4786.0
2011-03-02,4743.0
2011-03-03,4740.0
2011-03-04,4715.0
2011-03-07,4697.0
2011-03-08,4688.0
2011-03-09,4680.0
2011-03-10,4654.0
2011-03-11,4630.0
2011-03-14,4627.0
2011-03-15,4661.0
2011-03-16,4694.0
2011-03-17,4736.0
2011-03-18,4736.0
2011-03-21,4726.0
2011-03-22,4684.0
2011-03-23,4684.0
2011-03-24,4721.0
2011-03-25,4725.0
2011-03-28,4736.0
2011-03-29,4753.0
2011-03-30,4753.0
2011-03-31,4773.0
2011-04-01,4764.0
2011-04-06,4784.0
2011-04-07,4811.0
2011-04-08,4838.0
2011-04-11,4838.0
2011-04-12,4904.0
2011-04-13,4886.0
2011-04-14,4900.0
2011-04-15,4894.0
2011-04-18,4866.0
2011-04-19,4860.0
2011-04-20,4856.0
2011-04-21,4874.0
2011-04-22,4881.0
2011-04-25,4902.0
2011-04-26,4904.0
2011-04-27,4910.0
2011-04-28,4911.0
2011-04-29,4912.0
2011-05-03,4938.0
2011-05-04,4942.0
2011-05-05,4927.0
2011-05-06,4904.0
2011-05-09,4896.0
2011-05-10,4893.0
2011-05-11,4899.0
2011-05-12,4899.0
2011-05-13,4874.0
2011-05-16,4880.0
2011-05-17,4881.0
2011-05-18,4881.0
2011-05-19,4879.0
2011-05-20,4873.0
2011-05-23,4865.0
2011-05-24,4858.0
2011-05-25,4859.0
2011-05-26,4861.0
2011-05-27,4864.0
2011-05-30,4867.0
2011-05-31,4866.0
2011-06-01,4868.0
2011-06-02,4865.0
2011-06-03,4865.0
2011-06-07,4863.0
2011-06-08,4863.0
2011-06-09,4863.0
2011-06-10,4862.0
2011-06-13,4850.0
2011-06-14,4842.0
2011-06-15,4842.0
2011-06-16,4828.0
2011-06-17,4817.0
2011-06-20,4777.0
2011-06-21,4781.0
2011-06-22,4771.0
2011-06-23,4764.0
2011-06-24,4761.0
2011-06-27,4758.0
2011-06-28,4756.0
2011-06-29,4745.0
2011-06-30,4745.0
2011-07-01,4739.0
2011-07-04,4739.0
2011-07-05,4759.0
2011-07-06,4756.0
2011-07-07,4757.0
2011-07-08,4762.0
2011-07-11,4771.0
2011-07-12,4784.0
2011-07-13,4790.0
2011-07-14,4793.0
2011-07-15,4790.0
2011-07-18,4804.0
2011-07-19,4817.0
2011-07-20,4822.0
2011-07-21,4822.0
2011-07-22,4823.0
2011-07-25,4833.0
2011-07-26,4832.0
2011-07-27,4835.0
2011-07-28,4832.0
2011-07-29,4832.0
2011-08-01,4834.0
2011-08-02,4836.0
2011-08-03,4847.0
2011-08-04,4852.0
2011-08-05,4845.0
2011-08-08,4842.0
2011-08-09,4819.0
2011-08-10,4820.0
2011-08-11,4819.0
2011-08-12,4824.0
2011-08-15,4834.0
2011-08-16,4839.0
2011-08-17,4837.0
2011-08-18,4839.0
2011-08-19,4836.0
2011-08-22,4839.0
2011-08-23,4838.0
2011-08-24,4838.0
2011-08-25,4837.0
2011-08-26,4837.0
2011-08-29,4836.0
2011-08-30,4836.0
2011-08-31,4836.0
2011-09-01,4836.0
2011-09-02,4837.0
2011-09-05,4837.0
2011-09-06,4837.0
2011-09-07,4835.0
2011-09-08,4835.0
2011-09-09,4834.0
2011-09-13,4832.0
2011-09-14,4831.0
2011-09-15,4815.0
2011-09-16,4804.0
2011-09-19,4780.0
2011-09-20,4757.0
2011-09-21,4745.0
2011-09-22,4741.0
2011-09-23,4711.0
2011-09-26,4711.0
2011-09-27,4660.0
2011-09-28,4656.0
2011-09-29,4624.0
2011-09-30,4616.0
2011-10-10,4617.0
2011-10-11,4617.0
2011-10-12,4587.0
2011-10-13,4567.0
2011-10-14,4538.0
2011-10-17,4500.0
2011-10-18,4446.0
2011-10-19,4357.0
2011-10-20,4236.0
2011-10-21,4140.0
2011-10-24,4173.0
2011-10-25,4217.0
2011-10-26,4223.0
2011-10-27,4218.0
2011-10-28,4230.0
2011-10-31,4253.0
2011-11-01,4244.0
2011-11-02,4224.0
2011-11-03,4217.0
2011-11-04,4218.0
2011-11-07,4242.0
2011-11-08,4238.0
2011-11-09,4238.0
2011-11-10,4232.0
2011-11-11,4230.0
2011-11-14,4249.0
2011-11-15,4254.0
2011-11-16,4261.0
2011-11-17,4253.0
2011-11-18,4246.0
2011-11-21,4240.0
2011-11-22,4231.0
2011-11-23,4229.0
2011-11-24,4229.0
2011-11-25,4229.0
2011-11-28,4219.0
2011-11-29,4217.0
2011-11-30,4217.0
2011-12-01,4226.0
2011-12-02,4227.0
2011-12-05,4227.0
2011-12-06,4227.0
2011-12-07,4229.0
2011-12-08,4229.0
2011-12-09,4228.0
2011-12-12,4230.0
2011-12-13,4230.0
2011-12-14,4228.0
2011-12-15,4224.0
2011-12-16,4224.0
2011-12-19,4224.0
2011-12-20,4227.0
2011-12-21,4227.0
2011-12-22,4225.0
2011-12-23,4226.0
2011-12-26,4228.0
2011-12-27,4227.0
2011-12-28,4225.0
2011-12-29,4223.0
2011-12-30,4219.0
2012-01-04,4227.0
2012-01-05,4223.0
2012-01-06,4220.0
2012-01-09,4217.0
2012-01-10,4225.0
2012-01-11,4226.0
2012-01-12,4225.0
2012-01-13,4225.0
2012-01-16,4225.0
2012-01-17,4223.0
2012-01-18,4223.0
2012-01-19,4223.0
2012-01-20,4223.0
2012-01-30,4242.0
2012-01-31,4244.0
2012-02-01,4243.0
2012-02-02,4244.0
2012-02-03,4246.0
2012-02-06,4251.0
2012-02-07,4250.0
2012-02-08,4248.0
2012-02-09,4248.0
2012-02-10,4247.0
2012-02-13,4243.0
2012-02-14,4243.0
2012-02-15,4239.0
2012-02-16,4227.0
2012-02-17,4222.0
2012-02-20,4223.0
2012-02-21,4221.0
2012-02-22,4229.0
2012-02-23,4242.0
2012-02-24,4249.0
2012-02-27,4262.0
2012-02-28,4272.0
2012-02-29,4272.0
2012-03-01,4282.0
2012-03-02,4284.0
2012-03-05,4293.0
2012-03-06,4293.0
2012-03-07,4295.0
2012-03-08,4295.0
2012-03-09,4296.0
2012-03-12,4316.0
2012-03-13,4320.0
2012-03-14,4333.0
2012-03-15,4329.0
2012-03-16,4326.0
2012-03-19,4342.0
2012-03-20,4347.0
2012-03-21,4350.0
2012-03-22,4356.0
2012-03-23,4357.0
2012-03-26,4357.0
2012-03-27,4364.0
2012-03-28,4371.0
2012-03-29,4376.0
2012-03-30,4375.0
2012-04-05,4374.0
2012-04-06,4382.0
2012-04-09,4387.0
2012-04-10,4392.0
2012-04-11,4392.0
2012-04-12,4393.0
2012-04-13,4395.0
2012-04-16,4392.0
2012-04-17,4390.0
2012-04-18,4385.0
2012-04-19,4382.0
2012-04-20,4374.0
2012-04-23,4370.0
2012-04-24,4358.0
2012-04-25,4346.0
2012-04-26,4345.0
2012-04-27,4345.0
2012-05-02,4350.0
2012-05-03,4341.0
2012-05-04,4332.0
2012-05-07,4328.0
2012-05-08,4322.0
2012-05-09,4308.0
2012-05-10,4294.0
2012-05-11,4281.0
2012-05-14,4271.0
2012-05-15,4261.0
2012-05-16,4234.0
2012-05-17,4223.0
2012-05-18,4227.0
2012-05-21,4215.0
2012-05-22,4216.0
2012-05-23,4207.0
2012-05-24,4191.0
2012-05-25,4191.0
2012-05-28,4163.0
2012-05-29,4163.0
2012-05-30,4177.0
2012-05-31,4174.0
2012-06-01,4178.0
2012-06-04,4171.0
2012-06-05,4168.0
2012-06-06,4168.0
2012-06-07,4172.0
2012-06-08,4170.0
2012-06-11,4170.0
2012-06-12,4170.0
2012-06-13,4170.0
2012-06-14,4167.0
2012-06-15,4167.0
2012-06-18,4160.0
2012-06-19,4159.0
2012-06-20,4158.0
2012-06-21,4157.0
2012-06-25,4156.0
2012-06-26,4146.0
2012-06-27,4136.0
2012-06-28,4120.0
2012-06-29,4102.0
2012-07-02,4093.0
2012-07-03,4085.0
2012-07-04,4080.0
2012-07-05,4077.0
2012-07-06,4069.0
2012-07-09,4053.0
2012-07-10,4035.0
2012-07-11,4023.0
2012-07-12,3993.0
2012-07-13,3974.0
2012-07-16,3955.0
2012-07-17,3934.0
2012-07-18,3909.0
2012-07-19,3879.0
2012-07-20,3836.0
2012-07-23,3765.0
2012-07-24,3720.0
2012-07-25,3708.0
2012-07-26,3716.0
2012-07-27,3704.0
2012-07-30,3710.0
2012-07-31,3711.0
2012-08-01,3704.0
2012-08-02,3695.0
2012-08-03,3679.0
2012-08-06,3663.0
2012-08-07,3652.0
2012-08-08,3650.0
2012-08-09,3644.0
2012-08-10,3634.0
2012-08-13,3632.0
2012-08-14,3630.0
2012-08-15,3629.0
2012-08-16,3620.0
2012-08-17,3604.0
2012-08-20,3593.0
2012-08-21,3562.0
2012-08-22,3552.0
2012-08-23,3540.0
2012-08-24,3511.0
2012-08-27,3495.0
2012-08-28,3471.0
2012-08-29,3450.0
2012-08-30,3419.0
2012-08-31,3405.0
2012-09-03,3384.0
2012-09-04,3362.0
2012-09-05,3310.0
2012-09-06,3264.0
2012-09-07,3253.0
2012-09-10,3372.0
2012-09-11,3422.0
2012-09-12,3419.0
2012-09-13,3406.0
2012-09-14,3427.0
2012-09-17,3505.0
2012-09-18,3573.0
2012-09-19,3576.0
2012-09-20,3700.0
2012-09-21,3631.0
2012-09-24,3593.0
2012-09-25,3599.0
2012-09-26,3603.0
2012-09-27,3604.0
2012-09-28,3607.0
2012-10-08,3708.0
2012-10-09,3708.0
2012-10-10,3715.0
2012-10-11,3739.0
2012-10-12,3735.0
2012-10-15,3717.0
2012-10-16,3694.0
2012-10-17,3709.0
2012-10-18,3726.0
2012-10-19,3734.0
2012-10-22,3728.0
2012-10-23,3742.0
2012-10-24,3735.0
2012-10-25,3742.0
2012-10-26,3740.0
2012-10-29,3754.0
2012-10-30,3758.0
2012-10-31,3759.0
2012-11-01,3760.0
2012-11-02,3767.0
2012-11-05,3821.0
2012-11-06,3837.0
2012-11-07,3849.0
2012-11-08,3871.0
2012-11-09,3889.0
2012-11-12,3926.0
2012-11-13,3950.0
2012-11-14,3955.0
2012-11-15,3954.0
2012-11-16,3950.0
2012-11-19,3930.0
2012-11-20,3911.0
2012-11-21,3895.0
2012-11-22,3889.0
2012-11-23,3890.0
2012-11-26,3894.0
2012-11-27,3892.0
2012-11-28,3887.0
2012-11-29,3879.0
2012-11-30,3864.0
2012-12-03,3850.0
2012-12-04,3853.0
2012-12-05,3855.0
2012-12-06,3863.0
2012-12-07,3864.0
2012-12-10,3900.0
2012-12-11,3883.0
2012-12-12,3884.0
2012-12-13,3884.0
2012-12-14,3882.0
2012-12-17,3928.0
2012-12-18,3952.0
2012-12-19,3949.0
2012-12-20,3944.0
2012-12-21,3944.0
2012-12-24,3943.0
2012-12-25,3942.0
2012-12-26,3957.0
2012-12-27,3963.0
2012-12-28,3969.0
2012-12-31,3974.0
2013-01-04,4017.0
2013-01-07,4074.0
2013-01-08,4093.0
2013-01-09,4094.0
2013-01-10,4097.0
2013-01-11,4100.0
2013-01-14,4073.0
2013-01-15,4075.0
2013-01-16,4067.0
2013-01-17,4056.0
2013-01-18,4063.0
2013-01-21,4064.0
2013-01-22,4066.0
2013-01-23,4064.0
2013-01-24,4064.0
2013-01-25,4078.0
2013-01-28,4092.0
2013-01-29,4103.0
2013-01-30,4117.0
2013-01-31,4133.0
2013-02-01,4133.0
2013-02-04,4143.0
2013-02-05,4153.0
2013-02-06,4153.0
2013-02-18,4212.0
2013-02-19,4201.0
2013-02-20,4198.0
2013-02-21,4177.0
2013-02-22,4151.0
2013-02-25,4114.0
2013-02-26,4081.0
2013-02-27,4077.0
2013-02-28,4073.0
2013-03-01,4067.0
2013-03-04,4053.0
2013-03-05,4013.0
2013-03-06,4011.0
2013-03-07,4001.0
2013-03-08,3998.0
2013-03-11,3989.0
2013-03-12,3965.0
2013-03-13,3937.0
2013-03-14,3886.0
2013-03-15,3866.0
2013-03-18,3924.0
2013-03-19,3920.0
2013-03-20,3911.0
2013-03-21,3929.0
2013-03-22,3941.0
2013-03-25,3929.0
2013-03-26,3925.0
2013-03-27,3900.0
2013-03-28,3873.0
2013-03-29,3845.0
2013-04-01,3840.0
2013-04-02,3823.0
2013-04-03,3830.0
2013-04-08,3856.0
2013-04-09,3869.0
2013-04-10,3869.0
2013-04-11,3865.0
2013-04-12,3852.0
2013-04-15,3832.0
2013-04-16,3795.0
2013-04-17,3792.0
2013-04-18,3761.0
2013-04-19,3747.0
2013-04-22,3759.0
2013-04-23,3750.0
2013-04-24,3727.0
2013-04-25,3719.0
2013-04-26,3716.0
2013-05-02,3678.0
2013-05-03,3672.0
2013-05-06,3689.0
2013-05-07,3685.0
2013-05-08,3679.0
2013-05-09,3670.0
2013-05-10,3665.0
2013-05-13,3650.0
2013-05-14,3645.0
2013-05-15,3636.0
2013-05-16,3612.0
2013-05-17,3587.0
2013-05-20,3588.0
2013-05-21,3587.0
2013-05-22,3573.0
2013-05-23,3546.0
2013-05-24,3525.0
2013-05-27,3513.0
2013-05-28,3501.0
2013-05-29,3476.0
2013-05-30,3454.0
2013-05-31,3436.0
2013-06-03,3444.0
2013-06-04,3446.0
2013-06-05,3481.0
2013-06-06,3494.0
2013-06-07,3475.0
2013-06-13,3447.0
2013-06-14,3448.0
2013-06-17,3470.0
2013-06-18,3487.0
2013-06-19,3481.0
2013-06-20,3492.0
2013-06-21,3493.0
2013-06-24,3496.0
2013-06-25,3486.0
2013-06-26,3477.0
2013-06-27,3471.0
2013-06-28,3474.0
2013-07-01,3477.0
2013-07-02,3476.0
2013-07-03,3493.0
2013-07-04,3524.0
2013-07-05,3537.0
2013-07-08,3533.0
2013-07-09,3535.0
2013-07-10,3533.0
2013-07-11,3547.0
2013-07-12,3568.0
2013-07-15,3583.0
2013-07-16,3591.0
2013-07-17,3601.0
2013-07-18,3606.0
2013-07-19,3607.0
2013-07-22,3618.0
2013-07-23,3619.0
2013-07-24,3622.0
2013-07-25,3626.0
2013-07-26,3626.0
2013-07-29,3614.0
2013-07-30,3600.0
2013-07-31,3593.0
2013-08-01,3590.0
2013-08-02,3593.0
2013-08-05,3595.0
2013-08-06,3599.0
2013-08-07,3604.0
2013-08-08,3608.0
2013-08-09,3624.0
2013-08-12,3633.0
2013-08-13,3638.0
2013-08-14,3660.0
2013-08-15,3666.0
2013-08-16,3674.0
2013-08-19,3686.0
2013-08-20,3685.0
2013-08-21,3684.0
2013-08-22,3671.0
2013-08-23,3669.0
2013-08-26,3676.0
2013-08-27,3681.0
2013-08-28,3682.0
2013-08-29,3668.0
2013-08-30,3664.0
2013-09-02,3668.0
2013-09-03,3671.0
2013-09-04,3670.0
2013-09-05,3652.0
2013-09-06,3642.0
2013-09-09,3634.0
2013-09-10,3633.0
2013-09-11,3628.0
2013-09-12,3617.0
2013-09-13,3612.0
2013-09-16,3590.0
2013-09-17,3578.0
2013-09-18,3575.0
2013-09-23,3576.0
2013-09-24,3581.0
2013-09-25,3575.0
2013-09-26,3570.0
2013-09-27,3560.0
2013-09-30,3560.0
2013-10-08,3556.0
2013-10-09,3556.0
2013-10-10,3568.0
2013-10-11,3565.0
2013-10-14,3566.0
2013-10-15,3560.0
2013-10-16,3555.0
2013-10-17,3545.0
2013-10-18,3537.0
2013-10-21,3524.0
2013-10-22,3517.0
2013-10-23,3502.0
2013-10-24,3482.0
2013-10-25,3476.0
2013-10-28,3471.0
2013-10-29,3461.0
2013-10-30,3463.0
2013-10-31,3474.0
2013-11-01,3477.0
2013-11-04,3490.0
2013-11-05,3499.0
2013-11-06,3505.0
2013-11-07,3501.0
2013-11-08,3498.0
2013-11-11,3497.0
2013-11-12,3494.0
2013-11-13,3487.0
2013-11-14,3481.0
2013-11-15,3479.0
2013-11-18,3463.0
2013-11-19,3453.0
2013-11-20,3457.0
2013-11-21,3460.0
2013-11-22,3461.0
2013-11-25,3461.0
2013-11-26,3463.0
2013-11-27,3464.0
2013-11-28,3460.0
2013-11-29,3459.0
2013-12-02,3463.0
2013-12-03,3468.0
2013-12-04,3469.0
2013-12-05,3472.0
2013-12-06,3472.0
2013-12-09,3477.0
2013-12-10,3478.0
2013-12-11,3477.0
2013-12-12,3482.0
2013-12-13,3479.0
2013-12-16,3476.0
2013-12-17,3477.0
2013-12-18,3475.0
2013-12-19,3476.0
2013-12-20,3478.0
2013-12-23,3476.0
2013-12-24,3475.0
2013-12-25,3480.0
2013-12-26,3480.0
2013-12-27,3476.0
2013-12-30,3475.0
2013-12-31,3476.0
2014-01-02,3476.0
2014-01-03,3473.0
2014-01-06,3474.0
2014-01-07,3472.0
2014-01-08,3469.0
2014-01-09,3467.0
2014-01-10,3465.0
2014-01-13,3460.0
2014-01-14,3460.0
2014-01-15,3461.0
2014-01-16,3461.0
2014-01-17,3459.0
2014-01-20,3460.0
2014-01-21,3457.0
2014-01-22,3451.0
2014-01-23,3451.0
2014-01-24,3451.0
2014-01-27,3451.0
2014-01-28,3451.0
2014-02-10,3443.0
2014-02-11,3439.0
2014-02-12,3436.0
2014-02-13,3429.0
2014-02-14,3423.0
2014-02-17,3418.0
2014-02-18,3422.0
2014-02-19,3423.0
2014-02-20,3421.0
2014-02-21,3418.0
2014-02-24,3410.0
2014-02-25,3403.0
2014-02-26,3391.0
2014-02-27,3385.0
2014-02-28,3383.0
2014-03-03,3379.0
2014-03-04,3372.0
2014-03-05,3369.0
2014-03-06,3361.0
2014-03-07,3359.0
2014-03-10,3343.0
2014-03-11,3325.0
2014-03-12,3322.0
2014-03-13,3319.0
2014-03-14,3320.0
2014-03-17,3322.0
2014-03-18,3322.0
2014-03-19,3316.0
2014-03-20,3316.0
2014-03-21,3316.0
2014-03-24,3313.0
2014-03-25,3313.0
2014-03-26,3316.0
2014-03-27,3317.0
2014-03-28,3318.0
2014-03-31,3319.0
2014-04-01,3323.0
2014-04-02,3329.0
2014-04-03,3330.0
2014-04-04,3332.0
2014-04-08,3345.0
2014-04-09,3372.0
2014-04-10,3375.0
2014-04-11,3405.0
2014-04-14,3444.0
2014-04-15,3435.0
2014-04-16,3433.0
2014-04-17,3430.0
2014-04-18,3429.0
2014-04-21,3414.0
2014-04-22,3407.0
2014-04-23,3406.0
2014-04-24,3414.0
2014-04-25,3414.0
2014-04-28,3416.0
2014-04-29,3415.0
2014-04-30,3415.0
2014-05-05,3415.0
2014-05-06,3413.0
2014-05-07,3411.0
2014-05-08,3406.0
2014-05-09,3406.0
2014-05-12,3405.0
2014-05-13,3406.0
2014-05-14,3406.0
2014-05-15,3404.0
2014-05-16,3399.0
2014-05-19,3388.0
2014-05-20,3385.0
2014-05-21,3385.0
2014-05-22,3384.0
2014-05-23,3382.0
2014-05-26,3383.0
2014-05-27,3385.0
2014-05-28,3389.0
2014-05-29,3387.0
2014-05-30,3384.0
2014-06-03,3383.0
2014-06-04,3386.0
2014-06-05,3388.0
2014-06-06,3388.0
2014-06-09,3388.0
2014-06-10,3388.0
2014-06-11,3388.0
2014-06-12,3388.0
2014-06-13,3386.0
2014-06-16,3380.0
2014-06-17,3379.0
2014-06-18,3380.0
2014-06-19,3383.0
2014-06-20,3379.0
2014-06-23,3383.0
2014-06-24,3385.0
2014-06-25,3386.0
2014-06-26,3386.0
2014-06-27,3385.0
2014-06-30,3383.0
2014-07-01,3382.0
2014-07-02,3380.0
2014-07-03,3377.0
2014-07-04,3378.0
2014-07-07,3373.0
2014-07-08,3371.0
2014-07-09,3367.0
2014-07-10,3364.0
2014-07-11,3363.0
2014-07-14,3361.0
2014-07-15,3364.0
2014-07-16,3362.0
2014-07-17,3362.0
2014-07-18,3362.0
2014-07-21,3360.0
2014-07-22,3358.0
2014-07-23,3357.0
2014-07-24,3355.0
2014-07-25,3353.0
2014-07-28,3352.0
2014-07-29,3354.0
2014-07-30,3355.0
2014-07-31,3357.0
2014-08-01,3358.0
2014-08-04,3359.0
2014-08-05,3360.0
2014-08-06,3360.0
2014-08-07,3359.0
2014-08-08,3358.0
2014-08-11,3354.0
2014-08-12,3351.0
2014-08-13,3346.0
2014-08-14,3340.0
2014-08-15,3335.0
2014-08-18,3332.0
2014-08-19,3324.0
2014-08-20,3320.0
2014-08-21,3311.0
2014-08-22,3300.0
2014-08-25,3291.0
2014-08-26,3283.0
2014-08-27,3275.0
2014-08-28,3261.0
2014-08-29,3251.0
2014-09-01,3245.0
2014-09-02,3238.0
2014-09-03,3229.0
2014-09-04,3215.0
2014-09-05,3203.0
2014-09-09,3194.0
2014-09-10,3190.0
2014-09-11,3179.0
2014-09-12,3169.0
2014-09-15,3059.0
2014-09-16,3104.0
2014-09-17,3093.0
2014-09-18,3069.0
2014-09-22,3041.0
2014-09-23,3017.0
2014-09-24,3007.0
2014-09-25,2996.0
2014-09-26,2985.0
2014-09-29,2990.0
2014-09-30,2987.0
2014-10-08,2991.0
2014-10-09,2987.0
2014-10-10,2985.0
2014-10-13,3006.0
2014-10-14,3023.0
2014-10-15,3023.0
2014-10-16,3019.0
2014-10-17,3019.0
2014-10-20,3014.0
2014-10-21,3015.0
2014-10-22,3012.0
2014-10-23,3001.0
2014-10-24,2990.0
2014-10-27,2986.0
2014-10-28,2981.0
2014-10-29,2979.0
2014-10-30,2980.0
2014-10-31,2979.0
2014-11-03,2979.0
2014-11-04,2975.0
2014-11-05,2978.0
2014-11-06,2975.0
2014-11-13,2991.0
2014-11-14,2990.0
2014-11-17,2990.0
2014-11-18,2990.0
2014-11-19,2993.0
2014-11-20,2995.0
2014-11-21,2995.0
2014-11-24,3004.0
2014-11-25,3008.0
2014-11-26,3011.0
2014-11-27,3012.0
2014-11-28,3032.0
2014-12-01,3035.0
2014-12-02,3043.0
2014-12-03,3042.0
2014-12-04,3042.0
2014-12-05,3042.0
2014-12-08,3044.0
2014-12-09,3048.0
2014-12-10,3047.0
2014-12-11,3048.0
2014-12-12,3047.0
2014-12-15,3045.0
2014-12-16,3039.0
2014-12-17,3034.0
2014-12-18,3028.0
2014-12-19,3024.0
2014-12-22,3024.0
2014-12-23,3010.0
2014-12-24,3003.0
2014-12-25,2993.0
2014-12-26,2988.0
2014-12-29,2982.0
2014-12-30,2981.0
2014-12-31,2984.0
2015-01-05,2980.0
2015-01-06,2976.0
2015-01-07,2964.0
2015-01-08,2950.0
2015-01-09,2935.0
2015-01-12,2900.0
2015-01-13,2860.0
2015-01-14,2832.0
2015-01-15,2805.0
2015-01-16,2788.0
2015-01-19,2776.0
2015-01-20,2767.0
2015-01-21,2743.0
2015-01-22,2722.0
2015-01-23,2701.0
2015-01-26,2679.0
2015-01-27,2646.0
2015-01-28,2623.0
2015-01-29,2616.0
2015-01-30,2627.0
2015-02-02,2624.0
2015-02-03,2613.0
2015-02-04,2596.0
2015-02-05,2588.0
2015-02-06,2584.0
2015-02-09,2575.0
2015-02-10,2575.0
2015-02-11,2573.0
2015-02-12,2573.0
2015-02-13,2573.0
2015-02-25,2572.0
2015-02-26,2572.0
2015-02-27,2574.0
2015-03-02,2569.0
2015-03-03,2561.0
2015-03-04,2555.0
2015-03-05,2544.0
2015-03-06,2533.0
2015-03-09,2515.0
2015-03-10,2499.0
2015-03-11,2476.0
2015-03-12,2459.0
2015-03-13,2471.0
2015-03-16,2479.0
2015-03-17,2495.0
2015-03-18,2506.0
2015-03-19,2501.0
2015-03-20,2490.0
2015-03-23,2490.0
2015-03-24,2556.0
2015-03-25,2580.0
2015-03-26,2572.0
2015-03-27,2556.0
2015-03-30,2554.0
2015-03-31,2543.0
2015-04-01,2526.0
2015-04-02,2509.0
2015-04-03,2492.0
2015-04-07,2476.0
2015-04-08,2459.0
2015-04-09,2448.0
2015-04-10,2438.0
2015-04-13,2434.0
2015-04-14,2434.0
2015-04-15,2438.0
2015-04-16,2458.0
2015-04-17,2453.0
2015-04-20,2451.0
2015-04-21,2447.0
2015-04-22,2444.0
2015-04-23,2457.0
2015-04-24,2478.0
2015-04-27,2497.0
2015-04-28,2512.0
2015-04-29,2515.0
2015-04-30,2514.0
2015-05-04,2523.0
2015-05-05,2526.0
2015-05-06,2528.0
2015-05-07,2523.0
2015-05-08,2503.0
2015-05-11,2497.0
2015-05-12,2494.0
2015-05-13,2480.0
2015-05-14,2466.0
2015-05-15,2454.0
2015-05-18,2448.0
2015-05-19,2441.0
2015-05-20,2433.0
2015-05-21,2427.0
2015-05-22,2426.0
2015-05-25,2427.0
2015-05-26,2434.0
2015-05-27,2431.0
2015-05-28,2425.0
2015-05-29,2419.0
2015-06-01,2417.0
2015-06-02,2418.0
2015-06-03,2416.0
2015-06-04,2410.0
2015-06-05,2402.0
2015-06-08,2394.0
2015-06-09,2390.0
2015-06-10,2385.0
2015-06-11,2379.0
2015-06-12,2369.0
2015-06-15,2349.0
2015-06-16,2337.0
2015-06-17,2318.0
2015-06-18,2298.0
2015-06-19,2295.0
2015-06-23,2292.0
2015-06-24,2286.0
2015-06-25,2286.0
2015-06-26,2260.0
2015-06-29,2254.0
2015-06-30,2224.0
2015-07-01,2199.0
2015-07-02,2179.0
2015-07-03,2169.0
2015-07-06,2133.0
2015-07-07,2099.0
2015-07-08,2047.0
2015-07-09,2036.0
2015-07-10,2069.0
2015-07-13,2081.0
2015-07-14,2071.0
2015-07-15,2059.0
2015-07-16,2043.0
2015-07-17,2041.0
2015-07-20,2067.0
2015-07-21,2107.0
2015-07-22,2086.0
2015-07-23,2056.0
2015-07-24,2052.0
2015-07-27,2068.0
2015-07-28,2067.0
2015-07-29,2070.0
2015-07-30,2080.0
2015-07-31,2083.0
2015-08-03,2111.0
2015-08-04,2119.0
2015-08-05,2127.0
2015-08-06,2131.0
2015-08-07,2126.0
2015-08-10,2125.0
2015-08-11,2118.0
2015-08-12,2113.0
2015-08-13,2114.0
2015-08-14,2117.0
2015-08-17,2119.0
2015-08-18,2118.0
2015-08-19,2108.0
2015-08-20,2099.0
2015-08-21,2088.0
2015-08-24,2068.0
2015-08-25,2050.0
2015-08-26,2046.0
2015-08-27,2045.0
2015-08-28,2048.0
2015-08-31,2050.0
2015-09-01,2050.0
2015-09-02,2045.0
2015-09-07,2043.0
2015-09-08,2039.0
2015-09-09,2046.0
2015-09-10,2044.0
2015-09-11,2041.0
2015-09-14,2038.0
2015-09-15,2037.0
2015-09-16,2035.0
2015-09-17,2032.0
2015-09-18,2031.0
2015-09-21,2029.0
2015-09-22,2020.0
2015-09-23,2017.0
2015-09-24,2016.0
2015-09-25,2016.0
2015-09-28,2002.0
2015-09-29,1997.0
2015-09-30,1993.0
2015-10-08,1993.0
2015-10-09,1983.0
2015-10-13,1982.0
2015-10-14,1979.0
2015-10-15,1972.0
2015-10-16,1965.0
2015-10-19,1960.0
2015-10-20,1950.0
2015-10-21,1941.0
2015-10-22,1928.0
2015-10-23,1923.0
2015-10-26,1922.0
2015-10-27,1916.0
2015-10-28,1916.0
2015-10-29,1908.0
2015-10-30,1904.0
2015-11-02,1899.0
2015-11-03,1892.0
2015-11-04,1886.0
2015-11-05,1886.0
2015-11-06,1862.0
2015-11-09,1852.0
2015-11-10,1848.0
2015-11-11,1845.0
2015-11-12,1834.0
2015-11-13,1829.0
2015-11-16,1834.0
2015-11-17,1835.0
2015-11-18,1833.0
2015-11-19,1832.0
2015-11-20,1827.0
2015-11-23,1828.0
2015-11-24,1827.0
2015-11-25,1830.0
2015-11-26,1829.0
2015-11-27,1827.0
2015-11-30,1819.0
2015-12-01,1813.0
2015-12-02,1810.0
2015-12-03,1811.0
2015-12-04,1806.0
2015-12-07,1816.0
2015-12-08,1815.0
2015-12-09,1813.0
2015-12-10,1812.0
2015-12-11,1812.0
2015-12-14,1814.0
2015-12-15,1833.0
2015-12-16,1843.0
2015-12-17,1858.0
2015-12-18,1871.0
2015-12-21,1895.0
2015-12-22,1923.0
2015-12-23,1934.0
2015-12-24,1944.0
2015-12-25,1947.0
2015-12-28,1948.0
2015-12-29,1954.0
2015-12-30,1980.0
2015-12-31,1994.0
2016-01-04,2030.0
2016-01-05,2061.0
2016-01-06,2052.0
2016-01-07,2036.0
2016-01-08,2019.0
2016-01-11,1995.0
2016-01-12,1978.0
2016-01-13,1962.0
2016-01-14,1955.0
2016-01-15,1967.0
2016-01-18,1987.0
2016-01-19,2009.0
2016-01-20,2008.0
2016-01-21,2002.0
2016-01-22,2005.0
2016-01-25,2005.0
2016-01-26,2004.0
2016-01-27,2006.0
2016-01-28,2008.0
2016-01-29,2008.0
2016-02-01,2008.0
2016-02-02,2009.0
2016-02-03,2009.0
2016-02-04,2009.0
2016-02-15,2013.0
2016-02-16,2024.0
2016-02-17,2041.0
2016-02-18,2052.0
2016-02-19,2062.0
2016-02-22,2103.0
2016-02-23,2139.0
2016-02-24,2131.0
2016-02-25,2128.0
2016-02-26,2122.0
2016-02-29,2115.0
2016-03-01,2125.0
2016-03-02,2158.0
2016-03-03,2195.0
2016-03-04,2232.0
2016-03-07,2519.0
2016-03-08,2665.0
2016-03-09,2547.0
2016-03-10,2497.0
2016-03-11,2460.0
2016-03-14,2409.0
2016-03-15,2374.0
2016-03-16,2320.0
2016-03-17,2341.0
2016-03-18,2421.0
2016-03-21,2483.0
2016-03-22,2502.0
2016-03-23,2514.0
2016-03-24,2506.0
2016-03-25,2486.0
2016-03-28,2534.0
2016-03-29,2530.0
2016-03-30,2513.0
2016-03-31,2513.0
2016-04-01,2543.0
2016-04-05,2612.0
2016-04-06,2641.0
2016-04-07,2645.0
2016-04-08,2670.0
2016-04-11,2785.0
2016-04-12,2857.0
2016-04-13,2886.0
2016-04-14,2897.0
2016-04-15,2883.0
2016-04-19,2995.0
2016-04-20,3125.0
2016-04-21,3229.0
2016-04-22,3236.0
2016-04-25,3213.0
2016-04-26,3173.0
2016-04-27,3084.0
2016-04-28,3050.0
2016-04-29,3150.0
2016-05-03,3118.0
2016-05-04,3061.0
2016-05-05,3016.0
2016-05-06,2934.0
2016-05-09,2834.0
2016-05-10,2679.0
2016-05-11,2709.0
2016-05-12,2739.0
2016-05-13,2674.0
2016-05-16,2638.0
2016-05-17,2662.0
2016-05-18,2699.0
2016-05-19,2680.0
2016-05-20,2648.0
2016-05-23,2606.0
2016-05-24,2551.0
2016-05-25,2560.0
2016-05-26,2549.0
2016-05-27,2548.0
2016-05-30,2555.0
2016-05-31,2553.0
2016-06-01,2546.0
2016-06-02,2541.0
2016-06-03,2543.0
2016-06-06,2535.0
2016-06-07,2563.0
2016-06-08,2569.0
2016-06-13,2581.0
2016-06-14,2584.0
2016-06-15,2570.0
2016-06-16,2559.0
2016-06-17,2540.0
2016-06-20,2523.0
2016-06-21,2514.0
2016-06-22,2517.0
2016-06-23,2517.0
2016-06-24,2507.0
2016-06-27,2515.0
2016-06-28,2537.0
2016-06-29,2542.0
2016-06-30,2537.0
2016-07-01,2549.0
2016-07-04,2591.0
2016-07-05,2587.0
2016-07-06,2570.0
2016-07-07,2577.0
2016-07-08,2588.0
2016-07-11,2585.0
2016-07-12,2614.0
2016-07-13,2673.0
2016-07-14,2680.0
2016-07-15,2673.0
2016-07-18,2658.0
2016-07-19,2597.0
2016-07-20,2583.0
2016-07-21,2586.0
2016-07-22,2628.0
2016-07-25,2616.0
2016-07-26,2625.0
2016-07-27,2664.0
2016-07-28,2680.0
2016-07-29,2676.0
2016-08-01,2684.0
2016-08-02,2696.0
2016-08-03,2695.0
2016-08-04,2687.0
2016-08-05,2688.0
2016-08-08,2723.0
2016-08-09,2749.0
2016-08-11,2735.0
2016-08-12,2748.0
2016-08-15,2761.0
2016-08-16,2803.0
2016-08-17,2841.0
2016-08-18,2840.0
2016-08-19,2831.0
2016-08-22,2850.0
2016-08-23,2867.0
2016-08-24,2887.0
2016-08-25,2887.0
2016-08-26,2893.0
2016-08-29,2886.0
2016-08-30,2887.0
2016-08-31,2878.0
2016-09-01,2840.0
2016-09-02,2846.0
2016-09-05,2866.0
2016-09-06,2866.0
2016-09-07,2847.0
2016-09-08,2822.0
2016-09-09,2824.0
2016-09-12,2804.0
2016-09-13,2794.0
2016-09-14,2776.0
2016-09-19,2746.0
2016-09-20,2743.0
2016-09-21,2744.0
2016-09-22,2750.0
2016-09-23,2767.0
2016-09-26,2792.0
2016-09-27,2793.0
2016-09-28,2785.0
2016-09-29,2799.0
2016-09-30,2800.0
2016-10-10,2807.0
2016-10-11,2834.0
2016-10-12,2858.0
2016-10-13,2861.0
2016-10-14,2861.0
2016-10-17,2889.0
2016-10-18,2903.0
2016-10-19,2927.0
2016-10-20,2934.0
2016-10-21,2927.0
2016-10-24,2922.0
2016-10-25,2955.0
2016-10-26,2970.0
2016-10-27,2970.0
2016-10-28,2969.0
2016-10-31,2997.0
2016-11-01,3041.0
2016-11-02,3114.0
2016-11-03,3145.0
2016-11-04,3173.0
2016-11-07,3253.0
2016-11-08,3319.0
2016-11-09,3357.0
2016-11-10,3387.0
2016-11-11,3392.0
2016-11-14,3380.0
2016-11-15,3350.0
2016-11-16,3272.0
2016-11-17,3239.0
2016-11-18,3245.0
2016-11-21,3245.0
2016-11-22,3311.0
2016-11-23,3388.0
2016-11-24,3414.0
2016-11-25,3426.0
2016-11-28,3592.0
2016-11-29,3644.0
2016-11-30,3539.0
2016-12-01,3516.0
2016-12-02,3612.0
2016-12-05,3601.0
2016-12-06,3673.0
2016-12-07,3761.0
2016-12-08,3760.0
2016-12-09,3751.0
2016-12-12,3922.0
2016-12-13,3963.0
2016-12-14,3928.0
2016-12-15,3898.0
2016-12-16,3918.0
2016-12-19,3893.0
2016-12-20,3866.0
2016-12-21,3857.0
2016-12-22,3849.0
2016-12-23,3786.0
2016-12-26,3700.0
2016-12-27,3689.0
2016-12-28,3756.0
2016-12-29,3768.0
2016-12-30,3735.0
2017-01-03,3735.0
2017-01-04,3725.0
2017-01-05,3732.0
2017-01-06,3727.0
2017-01-09,3703.0
2017-01-10,3731.0
2017-01-11,3759.0
2017-01-12,3771.0
2017-01-13,3764.0
2017-01-16,3790.0
2017-01-17,3799.0
2017-01-18,3784.0
2017-01-19,3777.0
2017-01-20,3771.0
2017-01-23,3771.0
2017-01-24,3771.0
2017-01-25,3774.0
2017-02-06,3747.0
2017-02-07,3739.0
2017-02-08,3767.0
2017-02-09,3769.0
2017-02-10,3763.0
2017-02-13,3854.0
2017-02-14,3873.0
2017-02-15,3869.0
2017-02-16,3852.0
2017-02-17,3859.0
2017-02-20,3882.0
2017-02-21,3915.0
2017-02-22,3900.0
2017-02-23,3880.0
2017-02-24,3804.0
2017-02-27,3886.0
2017-02-28,3889.0
2017-03-01,3832.0
2017-03-02,3844.0
2017-03-03,3796.0
2017-03-06,3790.0
2017-03-07,3762.0
2017-03-08,3746.0
2017-03-09,3682.0
2017-03-10,3683.0
2017-03-13,3697.0
2017-03-14,3725.0
2017-03-15,3753.0
2017-03-16,3740.0
2017-03-17,3726.0
2017-03-20,3721.0
2017-03-21,3686.0
2017-03-22,3623.0
2017-03-23,3576.0
2017-03-24,3568.0
2017-03-27,3471.0
2017-03-28,3436.0
2017-03-29,3451.0
2017-03-30,3457.0
2017-03-31,3449.0
2017-04-05,3433.0
2017-04-06,3421.0
2017-04-07,3328.0
2017-04-10,3290.0
2017-04-11,3242.0
2017-04-12,3079.0
2017-04-13,3060.0
2017-04-14,3099.0
2017-04-17,3090.0
2017-04-18,3026.0
2017-04-19,2965.0
2017-04-20,2972.0
2017-04-21,3011.0
2017-04-24,2998.0
2017-04-25,3017.0
2017-04-26,3067.0
2017-04-27,3081.0
2017-04-28,3136.0
2017-05-02,3246.0
2017-05-03,3214.0
2017-05-04,3120.0
2017-05-05,3032.0
2017-05-08,3171.0
2017-05-09,3162.0
2017-05-10,3083.0
2017-05-11,3079.0
2017-05-12,3076.0
2017-05-15,3113.0
2017-05-16,3123.0
2017-05-17,3162.0
2017-05-18,3182.0
2017-05-19,3216.0
2017-05-22,3321.0
2017-05-23,3331.0
2017-05-24,3301.0
2017-05-25,3272.0
2017-05-26,3256.0
2017-05-31,3272.0
2017-06-01,3245.0
2017-06-02,3237.0
2017-06-05,3218.0
2017-06-06,3198.0
2017-06-07,3217.0
2017-06-08,3239.0
2017-06-09,3276.0
2017-06-12,3336.0
2017-06-13,3345.0
2017-06-14,3322.0
2017-06-15,3357.0
2017-06-16,3407.0
2017-06-19,3416.0
2017-06-20,3442.0
2017-06-21,3432.0
2017-06-22,3439.0
2017-06-23,3439.0
2017-06-26,3463.0
2017-06-27,3504.0
2017-06-28,3552.0
2017-06-29,3586.0
2017-06-30,3579.0
2017-07-03,3599.0
2017-07-04,3622.0
2017-07-05,3636.0
2017-07-06,3617.0
2017-07-07,3647.0
2017-07-10,3634.0
2017-07-11,3677.0
2017-07-12,3719.0
2017-07-13,3736.0
2017-07-14,3735.0
2017-07-17,3784.0
2017-07-18,3795.0
2017-07-19,3803.0
2017-07-20,3802.0
2017-07-21,3766.0
2017-07-24,3752.0
2017-07-25,3767.0
2017-07-26,3794.0
2017-07-27,3782.0
2017-07-28,3785.0
2017-07-31,3844.0
2017-08-01,3861.0
2017-08-02,3873.0
2017-08-03,3884.0
2017-08-04,3900.0
2017-08-07,4113.0
2017-08-08,4104.0
2017-08-09,4081.0
2017-08-10,4133.0
2017-08-11,4116.0
2017-08-14,4067.0
2017-08-15,3996.0
2017-08-16,4006.0
2017-08-17,4062.0
2017-08-18,4079.0
2017-08-21,4161.0
2017-08-22,4145.0
2017-08-23,4061.0
2017-08-24,4085.0
2017-08-25,4159.0
2017-08-28,4114.0
2017-08-29,4131.0
2017-08-30,4103.0
2017-08-31,4085.0
2017-09-01,4121.0
2017-09-04,4330.0
2017-09-05,4326.0
2017-09-06,4293.0
2017-09-07,4276.0
2017-09-08,4282.0
2017-09-11,4224.0
2017-09-12,4231.0
2017-09-13,4234.0
2017-09-14,4222.0
2017-09-15,4205.0
2017-09-18,4184.0
2017-09-19,4184.0
2017-09-20,4156.0
2017-09-21,4146.0
2017-09-22,4069.0
2017-09-25,4019.0
2017-09-26,4024.0
2017-09-27,4050.0
2017-09-28,4061.0
2017-09-29,4055.0
2017-10-09,4220.0
2017-10-10,4151.0
2017-10-11,4121.0
2017-10-12,4124.0
2017-10-13,4124.0
2017-10-16,4252.0
2017-10-17,4221.0
2017-10-18,4203.0
2017-10-19,4129.0
2017-10-20,4135.0
2017-10-23,4205.0
2017-10-24,4193.0
2017-10-25,4195.0
2017-10-26,4139.0
2017-10-27,4108.0
2017-10-30,4085.0
2017-10-31,4086.0
2017-11-01,4099.0
2017-11-02,4079.0
2017-11-03,4087.0
2017-11-06,4123.0
2017-11-07,4121.0
2017-11-08,4105.0
2017-11-09,4105.0
2017-11-10,4121.0
2017-11-13,4158.0
2017-11-14,4163.0
2017-11-15,4150.0
2017-11-16,4154.0
2017-11-17,4136.0
2017-11-20,4135.0
2017-11-21,4155.0
2017-11-22,4178.0
2017-11-23,4176.0
2017-11-24,4155.0
2017-11-27,4181.0
2017-11-28,4194.0
2017-11-29,4195.0
2017-11-30,4275.0
2017-12-01,4286.0
2017-12-04,4355.0
2017-12-05,4403.0
2017-12-06,4379.0
2017-12-07,4337.0
2017-12-08,4321.0
2017-12-11,4374.0
2017-12-12,4386.0
2017-12-13,4366.0
2017-12-14,4357.0
2017-12-15,4352.0
2017-12-18,4385.0
2017-12-19,4375.0
2017-12-20,4354.0
2017-12-21,4358.0
2017-12-22,4358.0
2017-12-25,4332.0
2017-12-26,4307.0
2017-12-27,4297.0
2017-12-28,4291.0
2017-12-29,4286.0
2018-01-02,4292.0
2018-01-03,4294.0
2018-01-04,4273.0
2018-01-05,4259.0
2018-01-08,4207.0
2018-01-09,4199.0
2018-01-10,4184.0
2018-01-11,4185.0
2018-01-12,4145.0
2018-01-15,4082.0
2018-01-16,4070.0
2018-01-17,4069.0
2018-01-18,4053.0
2018-01-19,4052.0
2018-01-22,4102.0
2018-01-23,4092.0
2018-01-24,4078.0
2018-01-25,4087.0
2018-01-26,4089.0
2018-01-29,4078.0
2018-01-30,4099.0
2018-01-31,4099.0
2018-02-01,4073.0
2018-02-02,4089.0
2018-02-05,4099.0
2018-02-06,4104.0
2018-02-07,4104.0
2018-02-08,4106.0
2018-02-09,4106.0
2018-02-26,4209.0
2018-02-27,4215.0
2018-02-28,4210.0
2018-03-01,4215.0
2018-03-02,4202.0
2018-03-05,4184.0
2018-03-06,4155.0
2018-03-07,4137.0
2018-03-08,4097.0
2018-03-09,4040.0
2018-03-12,4028.0
2018-03-13,4022.0
2018-03-14,3993.0
2018-03-15,4019.0
2018-03-16,4038.0
2018-03-19,4023.0
2018-03-20,4005.0
2018-03-21,3983.0
2018-03-22,3973.0
2018-03-23,3868.0
2018-03-26,3810.0
2018-03-27,3819.0
2018-03-28,3846.0
2018-03-29,3827.0
2018-03-30,3844.0
2018-04-02,3932.0
2018-04-03,3925.0
2018-04-04,3912.0
2018-04-09,3926.0
2018-04-10,3926.0
2018-04-11,3957.0
2018-04-12,3949.0
2018-04-13,3952.0
2018-04-16,3971.0
2018-04-17,3962.0
2018-04-18,4011.0
2018-04-19,4040.0
2018-04-20,4042.0
2018-04-23,4099.0
2018-04-24,4139.0
2018-04-25,4125.0
2018-04-26,4114.0
2018-04-27,4112.0
2018-05-02,4213.0
2018-05-03,4204.0
2018-05-04,4180.0
2018-05-07,4174.0
2018-05-08,4174.0
2018-05-09,4150.0
2018-05-10,4147.0
2018-05-11,4161.0
2018-05-14,4189.0
2018-05-15,4195.0
2018-05-16,4202.0
2018-05-17,4211.0
2018-05-18,4215.0
2018-05-21,4222.0
2018-05-22,4211.0
2018-05-23,4194.0
2018-05-24,4185.0
2018-05-25,4203.0
2018-05-28,4209.0
2018-05-29,4213.0
2018-05-30,4233.0
2018-05-31,4243.0
2018-06-01,4265.0
2018-06-04,4265.0
2018-06-05,4254.0
2018-06-06,4266.0
2018-06-07,4290.0
2018-06-08,4295.0
2018-06-11,4289.0
2018-06-12,4297.0
2018-06-13,4306.0
2018-06-14,4317.0
2018-06-15,4315.0
2018-06-19,4306.0
2018-06-20,4288.0
2018-06-21,4296.0
2018-06-22,4293.0
2018-06-25,4283.0
2018-06-26,4260.0
2018-06-27,4251.0
2018-06-28,4257.0
2018-06-29,4259.0
2018-07-02,4259.0
2018-07-03,4242.0
2018-07-04,4229.0
2018-07-05,4228.0
2018-07-06,4207.0
2018-07-09,4203.0
2018-07-10,4221.0
2018-07-11,4223.0
2018-07-12,4242.0
2018-07-13,4248.0
2018-07-16,4251.0
2018-07-17,4245.0
2018-07-18,4240.0
2018-07-19,4253.0
2018-07-20,4250.0
2018-07-23,4251.0
2018-07-24,4251.0
2018-07-25,4250.0
2018-07-26,4249.0
2018-07-27,4271.0
2018-07-30,4293.0
2018-07-31,4296.0
2018-08-01,4308.0
2018-08-02,4294.0
2018-08-03,4298.0
2018-08-06,4303.0
2018-08-07,4317.0
2018-08-08,4314.0
2018-08-09,4303.0
2018-08-10,4301.0
2018-08-13,4316.0
2018-08-14,4331.0
2018-08-15,4326.0
2018-08-16,4315.0
2018-08-17,4311.0
2018-08-20,4388.0
2018-08-21,4399.0
2018-08-22,4403.0
2018-08-23,4397.0
2018-08-24,4381.0
2018-08-27,4391.0
2018-08-28,4376.0
2018-08-29,4374.0
2018-08-30,4353.0
2018-08-31,4337.0
2018-09-03,4324.0
2018-09-04,4329.0
2018-09-05,4334.0
2018-09-06,4327.0
2018-09-07,4357.0
2018-09-10,4375.0
2018-09-11,4350.0
2018-09-12,4313.0
2018-09-13,4316.0
2018-09-14,4316.0
2018-09-17,4320.0
2018-09-18,4316.0
2018-09-19,4316.0
2018-09-20,4302.0
2018-09-21,4297.0
2018-09-25,4285.0
2018-09-26,4269.0
2018-09-27,4266.0
2018-09-28,4230.0
2018-10-08,4222.0
2018-10-09,4234.0
2018-10-10,4237.0
2018-10-11,4229.0
2018-10-12,4220.0
2018-10-15,4221.0
2018-10-16,4226.0
2018-10-17,4219.0
2018-10-18,4209.0
2018-10-19,4191.0
2018-10-22,4193.0
2018-10-23,4186.0
2018-10-24,4185.0
2018-10-25,4182.0
2018-10-26,4182.0
2018-10-29,4167.0
2018-10-30,4151.0
2018-10-31,4138.0
2018-11-01,4108.0
2018-11-02,4082.0
2018-11-05,4074.0
2018-11-06,4064.0
2018-11-07,4045.0
2018-11-08,4013.0
2018-11-09,3986.0
2018-11-12,3920.0
2018-11-13,3886.0
2018-11-14,3875.0
2018-11-15,3872.0
2018-11-16,3875.0
2018-11-19,3857.0
2018-11-20,3836.0
2018-11-21,3791.0
2018-11-22,3783.0
2018-11-23,3757.0
2018-11-26,3694.0
2018-11-27,3613.0
2018-11-28,3589.0
2018-11-29,3610.0
2018-11-30,3602.0
2018-12-03,3743.0
2018-12-04,3731.0
2018-12-05,3743.0
2018-12-06,3751.0
2018-12-07,3727.0
2018-12-10,3729.0
2018-12-11,3709.0
2018-12-12,3733.0
2018-12-13,3743.0
2018-12-14,3768.0
2018-12-17,3785.0
2018-12-18,3774.0
2018-12-19,3779.0
2018-12-20,3782.0
2018-12-21,3791.0
2018-12-24,3781.0
2018-12-25,3760.0
2018-12-26,3752.0
2018-12-27,3738.0
2018-12-28,3726.0
2019-01-02,3704.0
2019-01-03,3691.0
2019-01-04,3690.0
2019-01-07,3711.0
2019-01-08,3719.0
2019-01-09,3713.0
2019-01-10,3714.0
2019-01-11,3710.0
2019-01-14,3711.0
2019-01-15,3696.0
2019-01-16,3687.0
2019-01-17,3685.0
2019-01-18,3696.0
2019-01-21,3715.0
2019-01-22,3743.0
2019-01-23,3742.0
2019-01-24,3747.0
2019-01-25,3763.0
2019-01-28,3775.0
2019-01-29,3771.0
2019-01-30,3772.0
2019-01-31,3772.0
2019-02-11,3828.0
2019-02-12,3856.0
2019-02-13,3839.0
2019-02-14,3810.0
2019-02-15,3794.0
2019-02-18,3782.0
2019-02-19,3795.0
2019-02-20,3775.0
2019-02-21,3784.0
2019-02-22,3794.0
2019-02-25,3824.0
2019-02-26,3822.0
2019-02-27,3831.0
2019-02-28,3837.0
2019-03-01,3850.0
2019-03-04,3878.0
2019-03-05,3871.0
2019-03-06,3862.0
2019-03-07,3857.0
2019-03-08,3856.0
2019-03-11,3844.0
2019-03-12,3865.0
2019-03-13,3875.0
2019-03-14,3874.0
2019-03-15,3854.0
2019-03-18,3883.0
2019-03-19,3899.0
2019-03-20,3894.0
2019-03-21,3902.0
2019-03-22,3899.0
2019-03-25,3896.0
2019-03-26,3892.0
2019-03-27,3890.0
2019-03-28,3893.0
2019-03-29,3892.0
2019-04-01,3892.0
2019-04-02,3917.0
2019-04-03,3931.0
2019-04-04,3947.0
2019-04-08,3986.0
2019-04-09,4014.0
2019-04-10,4003.0
2019-04-11,4003.0
2019-04-12,4002.0
2019-04-15,4018.0
2019-04-16,4026.0
2019-04-17,4020.0
2019-04-18,4007.0
2019-04-19,4001.0
2019-04-22,4032.0
2019-04-23,4028.0
2019-04-24,4015.0
2019-04-25,4010.0
2019-04-29,4019.0
2019-04-30,4041.0
2019-05-06,4044.0
2019-05-07,4045.0
2019-05-08,4038.0
2019-05-09,4006.0
2019-05-10,4021.0
2019-05-13,4015.0
2019-05-14,3988.0
2019-05-15,3976.0
2019-05-16,3985.0
2019-05-17,3992.0
2019-05-20,3983.0
2019-05-21,3984.0
2019-05-22,3995.0
2019-05-23,3993.0
2019-05-24,3979.0
2019-05-27,3973.0
2019-05-28,3966.0
2019-05-29,3956.0
2019-05-30,3952.0
2019-05-31,3930.0
2019-06-03,3905.0
2019-06-04,3886.0
2019-06-05,3881.0
2019-06-06,3859.0
2019-06-10,3850.0
2019-06-11,3847.0
2019-06-12,3858.0
2019-06-13,3847.0
2019-06-14,3843.0
2019-06-17,3813.0
2019-06-18,3789.0
2019-06-19,3801.0
2019-06-20,3805.0
2019-06-21,3801.0
2019-06-24,3864.0
2019-06-25,3890.0
2019-06-26,3891.0
2019-06-27,3896.0
2019-06-28,3905.0
2019-07-01,3967.0
2019-07-02,3952.0
2019-07-03,3918.0
2019-07-04,3910.0
2019-07-05,3904.0
2019-07-08,3886.0
2019-07-09,3901.0
2019-07-10,3891.0
2019-07-11,3881.0
2019-07-12,3877.0
2019-07-15,3873.0
2019-07-16,3898.0
2019-07-17,3898.0
2019-07-18,3893.0
2019-07-19,3875.0
2019-07-22,3889.0
2019-07-23,3890.0
2019-07-24,3873.0
2019-07-25,3871.0
2019-07-26,3880.0
2019-07-29,3875.0
2019-07-30,3868.0
2019-07-31,3872.0
2019-08-01,3867.0
2019-08-02,3837.0
2019-08-05,3822.0
2019-08-06,3802.0
2019-08-07,3792.0
2019-08-08,3795.0
2019-08-09,3753.0
2019-08-12,3730.0
2019-08-13,3753.0
2019-08-14,3774.0
2019-08-15,3768.0
2019-08-16,3770.0
2019-08-19,3769.0
2019-08-20,3764.0
2019-08-21,3746.0
2019-08-22,3745.0
2019-08-23,3744.0
2019-08-26,3728.0
2019-08-27,3691.0
2019-08-28,3663.0
2019-08-29,3673.0
2019-08-30,3677.0
2019-09-02,3692.0
2019-09-03,3704.0
2019-09-04,3716.0
2019-09-05,3726.0
2019-09-06,3716.0
2019-09-09,3723.0
2019-09-10,3745.0
2019-09-11,3733.0
2019-09-12,3728.0
2019-09-16,3744.0
2019-09-17,3736.0
2019-09-18,3722.0
2019-09-19,3707.0
2019-09-20,3671.0
2019-09-23,3692.0
2019-09-24,3706.0
2019-09-25,3701.0
2019-09-26,3692.0
2019-09-27,3677.0
2019-10-08,3691.0
2019-10-09,3678.0
2019-10-10,3671.0
2019-10-11,3651.0
2019-10-14,3657.0
2019-10-15,3633.0
2019-10-16,3630.0
2019-10-17,3608.0
2019-10-18,3600.0
2019-10-21,3591.0
2019-10-22,3591.0
2019-10-23,3594.0
2019-10-24,3593.0
2019-10-25,3596.0
2019-10-28,3600.0
2019-10-29,3602.0
2019-10-30,3600.0
2019-10-31,3609.0
2019-11-01,3605.0
2019-11-04,3608.0
2019-11-05,3611.0
2019-11-06,3625.0
2019-11-07,3632.0
2019-11-08,3625.0
2019-11-11,3617.0
2019-11-12,3617.0
2019-11-13,3636.0
2019-11-14,3647.0
2019-11-15,3679.0
2019-11-18,3692.0
2019-11-19,3695.0
2019-11-20,3742.0
2019-11-21,3748.0
2019-11-22,3751.0
2019-11-25,3771.0
2019-11-26,3783.0
2019-11-27,3780.0
2019-11-28,3777.0
2019-11-29,3781.0
2019-12-02,3782.0
2019-12-03,3788.0
2019-12-04,3790.0
2019-12-05,3792.0
2019-12-06,3792.0
2019-12-09,3813.0
2019-12-10,3828.0
2019-12-11,3851.0
2019-12-12,3848.0
2019-12-13,3849.0
2019-12-16,3856.0
2019-12-17,3852.0
2019-12-18,3850.0
2019-12-19,3850.0
2019-12-20,3848.0
2019-12-23,3851.0
2019-12-24,3847.0
2019-12-25,3847.0
2019-12-26,3840.0
2019-12-27,3839.0
2019-12-30,3842.0
2019-12-31,3843.0
2020-01-02,3848.0
2020-01-03,3845.0
2020-01-06,3844.0
2020-01-07,3845.0
2020-01-08,3847.0
2020-01-09,3846.0
2020-01-10,3841.0
2020-01-13,3836.0
2020-01-14,3834.0
2020-01-15,3835.0
2020-01-16,3834.0
2020-01-17,3833.0
2020-01-20,3833.0
2020-01-21,3833.0
2020-02-03,3785.0
2020-02-04,3689.0
2020-02-05,3662.0
2020-02-06,3643.0
2020-02-07,3630.0
2020-02-10,3596.0
2020-02-11,3588.0
2020-02-12,3585.0
2020-02-13,3577.0
2020-02-14,3562.0
2020-02-17,3550.0
2020-02-18,3536.0
2020-02-19,3512.0
2020-02-20,3508.0
2020-02-21,3523.0
2020-02-24,3561.0
2020-02-25,3550.0
2020-02-26,3536.0
2020-02-27,3518.0
2020-02-28,3495.0
2020-03-02,3478.0
2020-03-03,3492.0
2020-03-04,3482.0
2020-03-05,3488.0
2020-03-06,3485.0
2020-03-09,3472.0
2020-03-10,3477.0
2020-03-11,3483.0
2020-03-12,3482.0
2020-03-13,3477.0
2020-03-16,3522.0
2020-03-17,3510.0
2020-03-18,3511.0
2020-03-19,3491.0
2020-03-20,3483.0
2020-03-23,3449.0
2020-03-24,3441.0
2020-03-25,3450.0
2020-03-26,3434.0
2020-03-27,3422.0
2020-03-30,3409.0
2020-03-31,3400.0
2020-04-01,3364.0
2020-04-02,3313.0
2020-04-03,3318.0
2020-04-07,3320.0
2020-04-08,3316.0
2020-04-09,3339.0
2020-04-10,3350.0
2020-04-13,3368.0
2020-04-14,3382.0
2020-04-15,3375.0
2020-04-16,3368.0
2020-04-17,3387.0
2020-04-20,3390.0
2020-04-21,3377.0
2020-04-22,3360.0
2020-04-23,3374.0
2020-04-24,3366.0
2020-04-27,3368.0
2020-04-28,3363.0
2020-04-29,3364.0
2020-04-30,3373.0
2020-05-06,3410.0
2020-05-07,3440.0
2020-05-08,3467.0
2020-05-11,3475.0
2020-05-12,3480.0
2020-05-13,3484.0
2020-05-14,3504.0
2020-05-15,3520.0
2020-05-18,3626.0
2020-05-19,3660.0
2020-05-20,3659.0
2020-05-21,3659.0
2020-05-22,3670.0
2020-05-25,3628.0
2020-05-26,3626.0
2020-05-27,3625.0
2020-05-28,3631.0
2020-05-29,3661.0
2020-06-01,3716.0
2020-06-02,3721.0
2020-06-03,3722.0
2020-06-04,3721.0
2020-06-05,3712.0
2020-06-08,3729.0
2020-06-09,3726.0
2020-06-10,3728.0
2020-06-11,3728.0
2020-06-12,3733.0
2020-06-16,3741.0
2020-06-17,3743.0
2020-06-18,3751.0
2020-06-19,3775.0
2020-06-22,3789.0
2020-06-23,3784.0
2020-06-24,3779.0
2020-06-29,3772.0
2020-06-30,3773.0
2020-07-01,3771.0
2020-07-02,3769.0
2020-07-03,3771.0
2020-07-06,3775.0
2020-07-07,3794.0
2020-07-08,3820.0
2020-07-09,3848.0
2020-07-10,3847.0
2020-07-13,3869.0
2020-07-14,3880.0
2020-07-15,3885.0
2020-07-16,3885.0
2020-07-17,3882.0
2020-07-20,3879.0
2020-07-21,3884.0
2020-07-22,3912.0
2020-07-23,3916.0
2020-07-24,3918.0
2020-07-27,3905.0
2020-07-28,3902.0
2020-07-29,3901.0
2020-07-30,3901.0
2020-07-31,3912.0
2020-08-03,3948.0
2020-08-04,3964.0
2020-08-05,3966.0
2020-08-06,3982.0
2020-08-07,3983.0
2020-08-10,3973.0
2020-08-11,3980.0
2020-08-12,3976.0
2020-08-13,3975.0
2020-08-14,3974.0
2020-08-17,3985.0
2020-08-18,3995.0
2020-08-19,3995.0
2020-08-20,3992.0
2020-08-21,3991.0
2020-08-24,3990.0
2020-08-25,3987.0
2020-08-26,3981.0
2020-08-27,3979.0
2020-08-28,3972.0
2020-08-31,3992.0
2020-09-01,4010.0
2020-09-02,4020.0
2020-09-03,4022.0
2020-09-04,4020.0
2020-09-07,4012.0
2020-09-08,4006.0
2020-09-09,3987.0
2020-09-10,3966.0
2020-09-11,3947.0
2020-09-14,3965.0
2020-09-15,3962.0
2020-09-16,3947.0
2020-09-17,3925.0
2020-09-18,3923.0
2020-09-21,3914.0
2020-09-22,3897.0
2020-09-23,3895.0
2020-09-24,3884.0
2020-09-25,3880.0
2020-09-28,3861.0
2020-09-29,3853.0
2020-09-30,3853.0
2020-10-09,3902.0
2020-10-12,3927.0
2020-10-13,3925.0
2020-10-14,3913.0
2020-10-15,3894.0
2020-10-16,3881.0
2020-10-19,3889.0
2020-10-20,3886.0
2020-10-21,3886.0
2020-10-22,3900.0
2020-10-23,3904.0
2020-10-26,3891.0
2020-10-27,3889.0
2020-10-28,3889.0
2020-10-29,3896.0
2020-10-30,3909.0
2020-11-02,3918.0
2020-11-03,3936.0
2020-11-04,3936.0
2020-11-05,3954.0
2020-11-06,3960.0
2020-11-09,4023.0
2020-11-10,4036.0
2020-11-11,4030.0
2020-11-12,4025.0
2020-11-13,4022.0
2020-11-16,4027.0
2020-11-17,4051.0
2020-11-18,4066.0
2020-11-19,4080.0
2020-11-20,4084.0
2020-11-23,4087.0
2020-11-24,4087.0
2020-11-25,4092.0
2020-11-26,4096.0
2020-11-27,4135.0
2020-11-30,4138.0
2020-12-01,4152.0
2020-12-02,4197.0
2020-12-03,4211.0
2020-12-04,4216.0
2020-12-07,4302.0
2020-12-08,4357.0
2020-12-09,4343.0
2020-12-10,4422.0
2020-12-11,4514.0
2020-12-14,4497.0
2020-12-15,4476.0
2020-12-16,4499.0
2020-12-17,4531.0
2020-12-18,4588.0
2020-12-21,4960.0
2020-12-22,5051.0
2020-12-23,4930.0
2020-12-25,4771.0
2020-12-28,4720.0
2020-12-29,4648.0
2020-12-30,4563.0
2020-12-31,4575.0
2021-01-04,4597.0
2021-01-05,4611.0
2021-01-06,4607.0
2021-01-07,4597.0
2021-01-08,4650.0
2021-01-11,4611.0
2021-01-12,4558.0
2021-01-13,4545.0
2021-01-14,4537.0
2021-01-15,4542.0
2021-01-18,4553.0
2021-01-19,4536.0
2021-01-20,4517.0
2021-01-21,4506.0
2021-01-22,4513.0
2021-01-25,4501.0
2021-01-26,4517.0
2021-01-27,4532.0
2021-01-28,4534.0
2021-01-29,4524.0
2021-02-01,4509.0
2021-02-02,4499.0
2021-02-03,4490.0
2021-02-04,4496.0
2021-02-05,4508.0
2021-02-08,4522.0
2021-02-22,4862.0
2021-02-23,4868.0
2021-02-24,4857.0
2021-02-25,4878.0
2021-02-26,4878.0
2021-03-01,4867.0
2021-03-02,4863.0
2021-03-03,4992.0
2021-03-04,4977.0
2021-03-05,4888.0
2021-03-08,4983.0
2021-03-09,4971.0
2021-03-10,4891.0
2021-03-11,4876.0
2021-03-12,4984.0
2021-03-15,4983.0
2021-03-16,4984.0
2021-03-17,4976.0
2021-03-18,4989.0
2021-03-19,5005.0
2021-03-22,5107.0
2021-03-23,5099.0
2021-03-24,5094.0
2021-03-25,5135.0
2021-03-26,5120.0
2021-03-29,5288.0
2021-03-30,5328.0
2021-03-31,5364.0
2021-04-01,5404.0
2021-04-02,5516.0
2021-04-06,5623.0
2021-04-07,5655.0
2021-04-08,5612.0
2021-04-09,5597.0
2021-04-12,5517.0
2021-04-13,5542.0
2021-04-14,5578.0
2021-04-15,5572.0
2021-04-16,5564.0
2021-04-19,5554.0
2021-04-20,5541.0
2021-04-21,5551.0
2021-04-22,5620.0
2021-04-23,5637.0
2021-04-26,5749.0
2021-04-27,5762.0
2021-04-28,5732.0
2021-04-29,5752.0
2021-05-06,5949.0
2021-05-07,6010.0
2021-05-10,6555.0
2021-05-11,6616.0
2021-05-12,6720.0
2021-05-13,6642.0
2021-05-14,6383.0
2021-05-17,6235.0
2021-05-18,6173.0
2021-05-19,6089.0
2021-05-20,5698.0
2021-05-21,5709.0
2021-05-24,5471.0
2021-05-25,5441.0
2021-05-26,5400.0
2021-05-27,5263.0
2021-05-28,5453.0
2021-05-31,5645.0
2021-06-01,5531.0
2021-06-02,5574.0
2021-06-03,5589.0
2021-06-04,5588.0
2021-06-07,5517.0
2021-06-08,5474.0
2021-06-09,5504.0
2021-06-10,5554.0
2021-06-11,5589.0
2021-06-15,5556.0
2021-06-16,5532.0
2021-06-17,5488.0
2021-06-18,5511.0
2021-06-21,5458.0
2021-06-22,5346.0
2021-06-23,5318.0
2021-06-24,5341.0
2021-06-25,5365.0
2021-06-28,5371.0
2021-06-29,5508.0
2021-06-30,5404.0
2021-07-01,5431.0
2021-07-02,5407.0
2021-07-05,5429.0
2021-07-06,5516.0
2021-07-07,5551.0
2021-07-08,5643.0
2021-07-09,5628.0
2021-07-12,5767.0
2021-07-13,5736.0
2021-07-14,5760.0
2021-07-15,5804.0
2021-07-16,5804.0
2021-07-19,5848.0
2021-07-20,5777.0
2021-07-21,5816.0
2021-07-22,5761.0
2021-07-23,5804.0
2021-07-26,5840.0
2021-07-27,5876.0
2021-07-28,5841.0
2021-07-29,5853.0
2021-07-30,5936.0
2021-08-02,5804.0
2021-08-03,5738.0
2021-08-04,5759.0
2021-08-05,5791.0
2021-08-06,5755.0
2021-08-09,5724.0
2021-08-10,5741.0
2021-08-11,5781.0
2021-08-12,5789.0
2021-08-13,5738.0
2021-08-16,5752.0
2021-08-17,5749.0
2021-08-18,5717.0
2021-08-19,5637.0
2021-08-20,5632.0
2021-08-23,5693.0
2021-08-24,5717.0
2021-08-25,5728.0
2021-08-26,5698.0
2021-08-27,5649.0
2021-08-30,5665.0
2021-08-31,5733.0
2021-09-01,5702.0
2021-09-02,5702.0
2021-09-03,5763.0
2021-09-06,5794.0
2021-09-07,5813.0
2021-09-08,5789.0
2021-09-09,5795.0
2021-09-10,5850.0
2021-09-13,5848.0
2021-09-14,5822.0
2021-09-15,5764.0
2021-09-16,5800.0
2021-09-17,5779.0
2021-09-22,5803.0
2021-09-23,5782.0
2021-09-24,5765.0
2021-09-27,5776.0
2021-09-28,5778.0
2021-09-29,5801.0
2021-10-08,5885.0
2021-10-11,5900.0
2021-10-12,5875.0
2021-10-13,5803.0
2021-10-14,5817.0
2021-10-15,5825.0
2021-10-18,5802.0
2021-10-19,5807.0
2021-10-20,5792.0
2021-10-21,5785.0
2021-10-22,5664.0
2021-10-25,5650.0
2021-10-26,5608.0
2021-10-27,5550.0
2021-10-28,5404.0
2021-10-29,5432.0
2021-11-01,5393.0
2021-11-02,5298.0
2021-11-03,5166.0
2021-11-04,5199.0
2021-11-05,5087.0
2021-11-08,5066.0
2021-11-09,5047.0
2021-11-10,4841.0
2021-11-11,4896.0
2021-11-12,4950.0
2021-11-15,4781.0
2021-11-16,4767.0
2021-11-17,4732.0
2021-11-18,4718.0
2021-11-19,4661.0
2021-11-22,4739.0
2021-11-23,4700.0
2021-11-24,4750.0
2021-11-25,4802.0
2021-11-26,4780.0
2021-11-29,4740.0
2021-11-30,4741.0
2021-12-01,4750.0
2021-12-02,4760.0
2021-12-03,4779.0
2021-12-06,4818.0
2021-12-07,4831.0
2021-12-08,4827.0
2021-12-09,4795.0
2021-12-10,4763.0
2021-12-13,4762.0
2021-12-14,4792.0
2021-12-15,4796.0
2021-12-16,4813.0
2021-12-17,4835.0
2021-12-20,4846.0
2021-12-21,4824.0
2021-12-22,4815.0
2021-12-23,4814.0
2021-12-24,4833.0
2021-12-27,4759.0
2021-12-28,4748.0
2021-12-29,4752.0
2021-12-30,4753.0
2021-12-31,4749.0
2022-01-04,4745.0
2022-01-05,4780.0
2022-01-06,4784.0
2022-01-07,4784.0
2022-01-10,4784.0
2022-01-11,4783.0
2022-01-12,4815.0
2022-01-13,4837.0
2022-01-14,4837.0
2022-01-17,4812.0
2022-01-18,4798.0
2022-01-19,4840.0
2022-01-20,4834.0
2022-01-21,4844.0
2022-01-24,4868.0
2022-01-25,4869.0
2022-01-26,4875.0
2022-01-27,4875.0
2022-02-07,4971.0
2022-02-08,5033.0
2022-02-09,5055.0
2022-02-10,5044.0
2022-02-11,5108.0
2022-02-14,5100.0
2022-02-15,5009.0
2022-02-16,4989.0
2022-02-17,4986.0
2022-02-18,4983.0
2022-02-21,4998.0
2022-02-22,4998.0
2022-02-23,4959.0
2022-02-24,4939.0
2022-02-25,4939.0
2022-02-28,4958.0
2022-03-01,5054.0
2022-03-02,5098.0
2022-03-03,5162.0
2022-03-04,5165.0
2022-03-07,5281.0
2022-03-08,5251.0
2022-03-09,5220.0
2022-03-10,5122.0
2022-03-11,5149.0
2022-03-14,5117.0
2022-03-15,5045.0
2022-03-16,5079.0
2022-03-17,5131.0
2022-03-18,5147.0
2022-03-21,5183.0
2022-03-22,5186.0
2022-03-23,5181.0
2022-03-24,5206.0
2022-03-25,5213.0
2022-03-28,5269.0
2022-03-29,5271.0
2022-03-30,5250.0
2022-03-31,5267.0
2022-04-01,5285.0
2022-04-06,5331.0
2022-04-07,5320.0
2022-04-08,5303.0
2022-04-11,5231.0
2022-04-12,5223.0
2022-04-13,5248.0
2022-04-14,5248.0
2022-04-15,5267.0
2022-04-18,5254.0
2022-04-19,5266.0
2022-04-20,5273.0
2022-04-21,5271.0
2022-04-22,5236.0
2022-04-25,5132.0
2022-04-26,5108.0
2022-04-27,5124.0
2022-04-28,5124.0
2022-04-29,5124.0
2022-05-05,5159.0
2022-05-06,5148.0
2022-05-09,5017.0
2022-05-10,4950.0
2022-05-11,4990.0
2022-05-12,4997.0
2022-05-13,4966.0
2022-05-16,4961.0
2022-05-17,4964.0
2022-05-18,4932.0
2022-05-19,4855.0
2022-05-20,4890.0
2022-05-23,4899.0
2022-05-24,4860.0
2022-05-25,4815.0
2022-05-26,4790.0
2022-05-27,4811.0
2022-05-30,4833.0
2022-05-31,4844.0
2022-06-01,4848.0
2022-06-02,4856.0
2022-06-06,4893.0
2022-06-07,4890.0
2022-06-08,4875.0
2022-06-09,4882.0
2022-06-10,4870.0
2022-06-13,4854.0
2022-06-14,4805.0
2022-06-15,4767.0
2022-06-16,4725.0
2022-06-17,4679.0
2022-06-20,4372.0
2022-06-21,4382.0
2022-06-22,4356.0
2022-06-23,4327.0
2022-06-24,4327.0
2022-06-27,4388.0
2022-06-28,4388.0
2022-06-29,4419.0
2022-06-30,4420.0
2022-07-01,4396.0
2022-07-04,4385.0
2022-07-05,4379.0
2022-07-06,4369.0
2022-07-07,4386.0
2022-07-08,4396.0
2022-07-11,4375.0
2022-07-12,4345.0
2022-07-13,4333.0
2022-07-14,4325.0
2022-07-15,4323.0
2022-07-18,4317.0
2022-07-19,4308.0
2022-07-20,4293.0
2022-07-21,4273.0
2022-07-22,3985.0
2022-07-25,3886.0
2022-07-26,3875.0
2022-07-27,3871.0
2022-07-28,3904.0
2022-07-29,3959.0
2022-08-01,4047.0
2022-08-02,4037.0
2022-08-03,4053.0
2022-08-04,4037.0
2022-08-05,4024.0
2022-08-08,4082.0
2022-08-09,4078.0
2022-08-10,4050.0
2022-08-11,4041.0
2022-08-12,4065.0
2022-08-15,4085.0
2022-08-16,4063.0
2022-08-17,4041.0
2022-08-18,3989.0
2022-08-19,3957.0
2022-08-22,3959.0
2022-08-23,3962.0
2022-08-24,4015.0
2022-08-25,4029.0
2022-08-26,4029.0
2022-08-29,4029.0
2022-08-30,3981.0
2022-08-31,3959.0
2022-09-01,3977.0
2022-09-02,3942.0
2022-09-05,3961.0
2022-09-06,3981.0
2022-09-07,3982.0
2022-09-08,3990.0
2022-09-09,4000.0
2022-09-13,4021.0
2022-09-14,4002.0
2022-09-15,4016.0
2022-09-16,3988.0
2022-09-19,3989.0
2022-09-20,3973.0
2022-09-21,3942.0
2022-09-22,3979.0
2022-09-23,3999.0
2022-09-26,3994.0
2022-09-27,4007.0
2022-09-28,4019.0
2022-09-29,4019.0
2022-09-30,4030.0
2022-10-10,4051.0
2022-10-11,4017.0
2022-10-12,3962.0
2022-10-13,3952.0
2022-10-17,3933.0
2022-10-18,3903.0
2022-10-19,3903.0
2022-10-20,3880.0
2022-10-21,3875.0
2022-10-24,3881.0
2022-10-25,3853.0
2022-10-26,3852.0
2022-10-27,3862.0
2022-10-28,3797.0
2022-10-31,3722.0
2022-11-01,3703.0
2022-11-02,3726.0
2022-11-03,3740.0
2022-11-04,3759.0
2022-11-07,3773.0
2022-11-08,3762.0
2022-11-09,3789.0
2022-11-10,3773.0
2022-11-11,3797.0
2022-11-14,3840.0
2022-11-15,3844.0
2022-11-16,3863.0
2022-11-17,3858.0
2022-11-18,3863.0
2022-11-21,3848.0
2022-11-22,3853.0
2022-11-23,3848.0
2022-11-24,3870.0
2022-11-25,3863.0
2022-11-28,3878.0
2022-11-29,3905.0
2022-11-30,3905.0
2022-12-01,3914.0
2022-12-02,3920.0
2022-12-05,3993.0
2022-12-06,3996.0
2022-12-07,3993.0
2022-12-08,3998.0
2022-12-09,4036.0
2022-12-12,4102.0
2022-12-13,4096.0
2022-12-14,4092.0
2022-12-15,4132.0
2022-12-16,4174.0
2022-12-19,4119.0
2022-12-20,4093.0
2022-12-21,4102.0
2022-12-22,4119.0
2022-12-23,4095.0
2022-12-26,4077.0
2022-12-27,4108.0
2022-12-28,4111.0
2022-12-29,4111.0
2022-12-30,4147.0
2023-01-03,4125.0
2023-01-04,4129.0
2023-01-05,4121.0
2023-01-06,4151.0
2023-01-09,4165.0
2023-01-10,4169.0
2023-01-11,4186.0
2023-01-12,4191.0
2023-01-13,4198.0
2023-01-17,4197.0
2023-01-18,4197.0
2023-01-19,4195.0
2023-01-20,4195.0
2023-01-30,4279.0
2023-01-31,4296.0
2023-02-01,4248.0
2023-02-02,4174.0
2023-02-06,4164.0
2023-02-07,4151.0
2023-02-08,4162.0
2023-02-09,4201.0
2023-02-10,4198.0
2023-02-13,4189.0
2023-02-14,4181.0
2023-02-15,4271.0
2023-02-16,4279.0
2023-02-17,4319.0
2023-02-20,4320.0
2023-02-21,4353.0
2023-02-22,4362.0
2023-02-23,4380.0
2023-02-24,4372.0
2023-02-27,4375.0
2023-02-28,4361.0
2023-03-01,4368.0
2023-03-02,4396.0
2023-03-03,4423.0
2023-03-06,4422.0
2023-03-07,4431.0
2023-03-08,4446.0
2023-03-09,4444.0
2023-03-10,4494.0
2023-03-13,4519.0
2023-03-14,4545.0
2023-03-15,4494.0
2023-03-16,4432.0
2023-03-17,4404.0
2023-03-20,4419.0
2023-03-21,4401.0
2023-03-22,4382.0
2023-03-23,4392.0
2023-03-24,4332.0
2023-03-27,4344.0
2023-03-28,4349.0
2023-03-29,4344.0
2023-03-30,4371.0
2023-03-31,4389.0
2023-04-03,4355.0
2023-04-04,4298.0
2023-04-06,4268.0
2023-04-07,4286.0
2023-04-10,4265.0
2023-04-11,4222.0
2023-04-12,4242.0
2023-04-13,4212.0
2023-04-14,4228.0
2023-04-17,4216.0
2023-04-18,4246.0
2023-04-19,4237.0
2023-04-20,4202.0
2023-04-21,4154.0
2023-04-24,4019.0
2023-04-25,4003.0
2023-04-26,3985.0
2023-04-27,3990.0
2023-04-28,3968.0
2023-05-04,3935.0
2023-05-08,3884.0
2023-05-09,3926.0
2023-05-10,3902.0
2023-05-11,3835.0
2023-05-12,3795.0
2023-05-15,3829.0
2023-05-16,3847.0
2023-05-17,3839.0
2023-05-18,3854.0
2023-05-19,3830.0
2023-05-22,3798.0
2023-05-23,3784.0
2023-05-24,3746.0
2023-05-25,3708.0
2023-05-26,3699.0
2023-05-29,3788.0
2023-05-30,3730.0
2023-05-31,3696.0
2023-06-01,3732.0
2023-06-02,3737.0
2023-06-05,3844.0
2023-06-06,3832.0
2023-06-07,3808.0
2023-06-08,3828.0
2023-06-09,3837.0
2023-06-12,3837.0
2023-06-13,3842.0
2023-06-14,3869.0
2023-06-15,3874.0
2023-06-16,3891.0
2023-06-19,3901.0
2023-06-20,3885.0
2023-06-21,3873.0
2023-06-26,3822.0
2023-06-27,3841.0
2023-06-28,3860.0
2023-06-29,3865.0
2023-06-30,3885.0
2023-07-03,3867.0
2023-07-04,3896.0
