DATE,Polyethylene
2007-07-31,12625.0
2007-08-01,12535.0
2007-08-02,12360.0
2007-08-03,12360.0
2007-08-06,12420.0
2007-08-07,12455.0
2007-08-08,12455.0
2007-08-09,12690.0
2007-08-10,12750.0
2007-08-13,12740.0
2007-08-14,12610.0
2007-08-15,12555.0
2007-08-16,12400.0
2007-08-17,12415.0
2007-08-20,12470.0
2007-08-21,12470.0
2007-08-22,12470.0
2007-08-23,12470.0
2007-08-24,12470.0
2007-08-27,12470.0
2007-08-28,12470.0
2007-08-29,12425.0
2007-08-30,12425.0
2007-08-31,12305.0
2007-09-03,12305.0
2007-09-04,12305.0
2007-09-05,12305.0
2007-09-06,12305.0
2007-09-07,12480.0
2007-09-10,12480.0
2007-09-11,12315.0
2007-09-12,12315.0
2007-09-13,12420.0
2007-09-14,12420.0
2007-09-17,12360.0
2007-09-18,12450.0
2007-09-19,12595.0
2007-09-20,12595.0
2007-09-21,12595.0
2007-09-24,12550.0
2007-09-25,12495.0
2007-09-26,12495.0
2007-09-27,12405.0
2007-09-28,12400.0
2007-10-08,12400.0
2007-10-09,12400.0
2007-10-10,12365.0
2007-10-11,12480.0
2007-10-12,12615.0
2007-10-15,12505.0
2007-10-16,12500.0
2007-10-17,12500.0
2007-10-18,12545.0
2007-10-19,12545.0
2007-10-22,12545.0
2007-10-23,12590.0
2007-10-24,12525.0
2007-10-25,12480.0
2007-10-26,12695.0
2007-10-29,13000.0
2007-10-30,13000.0
2007-10-31,12690.0
2007-11-01,12690.0
2007-11-02,12690.0
2007-11-05,12690.0
2007-11-06,12690.0
2007-11-07,12690.0
2007-11-08,12690.0
2007-11-09,12205.0
2007-11-12,12205.0
2007-11-13,12205.0
2007-11-14,12205.0
2007-11-15,12205.0
2007-11-16,12205.0
2007-11-19,12205.0
2007-11-20,12205.0
2007-11-21,12205.0
2007-11-22,12205.0
2007-11-23,12205.0
2007-11-26,12205.0
2007-11-27,12205.0
2007-11-28,12205.0
2007-11-29,12205.0
2007-11-30,12205.0
2007-12-03,12205.0
2007-12-04,12205.0
2007-12-05,12205.0
2007-12-06,12205.0
2007-12-07,12205.0
2007-12-10,12205.0
2007-12-11,12205.0
2007-12-12,12205.0
2007-12-13,12205.0
2007-12-14,12205.0
2007-12-17,13200.0
2007-12-18,13250.0
2007-12-19,13190.0
2007-12-20,13255.0
2007-12-21,13305.0
2007-12-24,13370.0
2007-12-25,13290.0
2007-12-26,13255.0
2007-12-27,13350.0
2007-12-28,13355.0
2008-01-02,13135.0
2008-01-03,13350.0
2008-01-04,13380.0
2008-01-07,13445.0
2008-01-08,13455.0
2008-01-09,13440.0
2008-01-10,13500.0
2008-01-11,13550.0
2008-01-14,13565.0
2008-01-15,13535.0
2008-01-18,13700.0
2008-01-21,13700.0
2008-01-22,13700.0
2008-01-23,13700.0
2008-01-24,13700.0
2008-01-25,13700.0
2008-01-28,13700.0
2008-01-29,13700.0
2008-01-30,13700.0
2008-01-31,13700.0
2008-02-01,13700.0
2008-02-04,13700.0
2008-02-05,13700.0
2008-02-13,13700.0
2008-02-14,13700.0
2008-02-15,13700.0
2008-02-18,13700.0
2008-02-19,13700.0
2008-02-20,13700.0
2008-02-21,13700.0
2008-02-22,13885.0
2008-02-25,13810.0
2008-02-26,13810.0
2008-02-27,13800.0
2008-02-28,13680.0
2008-02-29,13810.0
2008-03-03,14000.0
2008-03-04,14000.0
2008-03-05,14000.0
2008-03-06,14000.0
2008-03-07,14000.0
2008-03-10,14000.0
2008-03-11,14000.0
2008-03-12,14000.0
2008-03-13,14000.0
2008-03-14,14000.0
2008-03-17,14200.0
2008-03-18,14200.0
2008-03-19,14200.0
2008-03-20,14200.0
2008-03-21,14200.0
2008-03-24,14200.0
2008-03-25,14200.0
2008-03-26,14200.0
2008-03-27,14200.0
2008-03-28,14200.0
2008-03-31,14200.0
2008-04-01,14200.0
2008-04-02,14200.0
2008-04-03,14200.0
2008-04-07,14200.0
2008-04-08,14200.0
2008-04-09,14200.0
2008-04-10,14200.0
2008-04-11,14200.0
2008-04-14,14200.0
2008-04-15,14040.0
2008-04-16,14145.0
2008-04-17,14225.0
2008-04-18,14215.0
2008-04-21,14190.0
2008-04-22,14285.0
2008-04-23,14475.0
2008-04-24,14550.0
2008-04-25,14570.0
2008-04-28,14465.0
2008-04-29,14520.0
2008-04-30,14510.0
2008-05-05,14550.0
2008-05-06,14340.0
2008-05-07,14150.0
2008-05-08,14215.0
2008-05-09,14215.0
2008-05-12,14215.0
2008-05-13,14215.0
2008-05-14,14215.0
2008-05-15,14215.0
2008-05-16,14415.0
2008-05-22,12505.0
2008-05-23,12505.0
2008-05-26,12505.0
2008-05-27,12505.0
2008-05-28,12505.0
2008-05-29,12505.0
2008-05-30,12505.0
2008-06-02,12505.0
2008-06-03,12505.0
2008-06-04,12505.0
2008-06-05,12505.0
2008-06-06,12505.0
2008-06-10,12505.0
2008-06-11,12505.0
2008-06-12,12505.0
2008-06-13,12505.0
2008-06-16,16230.0
2008-06-17,16230.0
2008-06-18,16230.0
2008-06-19,16230.0
2008-06-20,16230.0
2008-06-23,16230.0
2008-06-24,16230.0
2008-06-25,16230.0
2008-06-26,16230.0
2008-06-27,16230.0
2008-06-30,15585.0
2008-07-01,15500.0
2008-07-02,15420.0
2008-07-03,15420.0
2008-07-04,15420.0
2008-07-07,15420.0
2008-07-08,15420.0
2008-07-09,15420.0
2008-07-10,15420.0
2008-07-11,15420.0
2008-07-14,15440.0
2008-07-15,15375.0
2008-07-16,15375.0
2008-07-17,15375.0
2008-07-18,15375.0
2008-07-21,15375.0
2008-07-22,15375.0
2008-07-23,15375.0
2008-07-24,15375.0
2008-07-25,15375.0
2008-07-28,15375.0
2008-07-29,15375.0
2008-07-30,15375.0
2008-07-31,15375.0
2008-08-01,15375.0
2008-08-04,15375.0
2008-08-05,15375.0
2008-08-06,15375.0
2008-08-07,15375.0
2008-08-08,15375.0
2008-08-11,15375.0
2008-08-12,15375.0
2008-08-13,15375.0
2008-08-14,15375.0
2008-08-15,13610.0
2008-08-18,13645.0
2008-08-19,13605.0
2008-08-20,13710.0
2008-08-21,13850.0
2008-08-22,13920.0
2008-08-25,13645.0
2008-08-26,13460.0
2008-08-27,13555.0
2008-08-28,13475.0
2008-08-29,13325.0
2008-09-01,13275.0
2008-09-02,13015.0
2008-09-03,12700.0
2008-09-04,12985.0
2008-09-05,12795.0
2008-09-08,12805.0
2008-09-09,12565.0
2008-09-10,12715.0
2008-09-11,12510.0
2008-09-12,12680.0
2008-09-16,12600.0
2008-09-17,12120.0
2008-09-18,12000.0
2008-09-19,11690.0
2008-09-22,11990.0
2008-09-23,11990.0
2008-09-24,11990.0
2008-09-25,12200.0
2008-09-26,12200.0
2008-10-06,12200.0
2008-10-07,12200.0
2008-10-08,12200.0
2008-10-09,12200.0
2008-10-10,12200.0
2008-10-13,11470.0
2008-10-14,10785.0
2008-10-15,10140.0
2008-10-16,10140.0
2008-10-17,10800.0
2008-10-22,8420.0
2008-10-23,8400.0
2008-10-24,8050.0
2008-10-27,7700.0
2008-10-28,7320.0
2008-10-29,7165.0
2008-10-30,7050.0
2008-10-31,6710.0
2008-11-03,6350.0
2008-11-04,5970.0
2008-11-05,6300.0
2008-11-06,6300.0
2008-11-07,6095.0
2008-11-10,6290.0
2008-11-11,6290.0
2008-11-12,6250.0
2008-11-13,6575.0
2008-11-14,6555.0
2008-11-17,6910.0
2008-11-18,7255.0
2008-11-19,7135.0
2008-11-20,7135.0
2008-11-21,6780.0
2008-11-24,6895.0
2008-11-25,6555.0
2008-11-26,6260.0
2008-11-27,6570.0
2008-11-28,6895.0
2008-12-01,7305.0
2008-12-02,7345.0
2008-12-03,7345.0
2008-12-04,7345.0
2008-12-05,7345.0
2008-12-08,7305.0
2008-12-09,7305.0
2008-12-10,7305.0
2008-12-11,7305.0
2008-12-12,7305.0
2008-12-15,8010.0
2008-12-16,8060.0
2008-12-17,8195.0
2008-12-18,8105.0
2008-12-19,8140.0
2008-12-22,8175.0
2008-12-23,7875.0
2008-12-24,7800.0
2008-12-25,7770.0
2008-12-26,7795.0
2008-12-29,8055.0
2008-12-30,8100.0
2008-12-31,8340.0
2009-01-05,8620.0
2009-01-06,8300.0
2009-01-07,8680.0
2009-01-08,8550.0
2009-01-09,8215.0
2009-01-12,8570.0
2009-01-13,8570.0
2009-01-14,8570.0
2009-01-15,8570.0
2009-01-16,8740.0
2009-01-19,8740.0
2009-01-20,8735.0
2009-01-21,8730.0
2009-01-22,8710.0
2009-01-23,8840.0
2009-02-02,8840.0
2009-02-03,9000.0
2009-02-04,9350.0
2009-02-05,9140.0
2009-02-06,9220.0
2009-02-09,9215.0
2009-02-10,9215.0
2009-02-11,9000.0
2009-02-12,9000.0
2009-02-13,9050.0
2009-02-16,8685.0
2009-02-17,8765.0
2009-02-18,8355.0
2009-02-19,8305.0
2009-02-20,8300.0
2009-02-23,8485.0
2009-02-24,8530.0
2009-02-25,8515.0
2009-02-26,8570.0
2009-02-27,8590.0
2009-03-02,8585.0
2009-03-03,8505.0
2009-03-04,8505.0
2009-03-05,8550.0
2009-03-06,8465.0
2009-03-09,8500.0
2009-03-10,8500.0
2009-03-11,8500.0
2009-03-12,8500.0
2009-03-13,8530.0
2009-03-16,8420.0
2009-03-17,8470.0
2009-03-18,8480.0
2009-03-19,8590.0
2009-03-20,8590.0
2009-03-23,8740.0
2009-03-24,8925.0
2009-03-25,8965.0
2009-03-26,9165.0
2009-03-27,9180.0
2009-03-30,9250.0
2009-03-31,9300.0
2009-04-01,9720.0
2009-04-02,10285.0
2009-04-03,10285.0
2009-04-07,10285.0
2009-04-08,10285.0
2009-04-09,10285.0
2009-04-10,10285.0
2009-04-13,10285.0
2009-04-14,10285.0
2009-04-15,10000.0
2009-04-16,9695.0
2009-04-17,9720.0
2009-04-20,9820.0
2009-04-21,9670.0
2009-04-22,9830.0
2009-04-23,9910.0
2009-04-24,9705.0
2009-04-27,9695.0
2009-04-28,9655.0
2009-04-29,9460.0
2009-04-30,9565.0
2009-05-04,9595.0
2009-05-05,9630.0
2009-05-06,9560.0
2009-05-07,9750.0
2009-05-08,9900.0
2009-05-11,9895.0
2009-05-12,9895.0
2009-05-13,9895.0
2009-05-14,9580.0
2009-05-15,9690.0
2009-05-18,9445.0
2009-05-19,9565.0
2009-05-20,9450.0
2009-05-21,9400.0
2009-05-22,9335.0
2009-05-25,9185.0
2009-05-26,9125.0
2009-05-27,9130.0
2009-06-01,9470.0
2009-06-02,9455.0
2009-06-03,9455.0
2009-06-04,9455.0
2009-06-05,9455.0
2009-06-08,9600.0
2009-06-09,9765.0
2009-06-10,9765.0
2009-06-11,9945.0
2009-06-12,9555.0
2009-06-15,9740.0
2009-06-16,9735.0
2009-06-17,9740.0
2009-06-18,9865.0
2009-06-19,9870.0
2009-06-22,9740.0
2009-06-23,9515.0
2009-06-24,9575.0
2009-06-25,9680.0
2009-06-26,9800.0
2009-06-29,9790.0
2009-06-30,9915.0
2009-07-01,9850.0
2009-07-02,9910.0
2009-07-03,9905.0
2009-07-06,10175.0
2009-07-07,10300.0
2009-07-08,10235.0
2009-07-09,10110.0
2009-07-10,10110.0
2009-07-13,9990.0
2009-07-14,10035.0
2009-07-15,10115.0
2009-07-16,10315.0
2009-07-17,10305.0
2009-07-20,10360.0
2009-07-21,10270.0
2009-07-22,10195.0
2009-07-23,10250.0
2009-07-24,10310.0
2009-07-27,10455.0
2009-07-28,10620.0
2009-07-29,10670.0
2009-07-30,10590.0
2009-07-31,10900.0
2009-08-03,11210.0
2009-08-04,11375.0
2009-08-05,11420.0
2009-08-06,11280.0
2009-08-07,11290.0
2009-08-10,11285.0
2009-08-11,11315.0
2009-08-12,11315.0
2009-08-13,11510.0
2009-08-14,11395.0
2009-08-17,11050.0
2009-08-18,11000.0
2009-08-19,11025.0
2009-08-20,10885.0
2009-08-21,10880.0
2009-08-24,11075.0
2009-08-25,10855.0
2009-08-26,10915.0
2009-08-27,10725.0
2009-08-28,10735.0
2009-08-31,10520.0
2009-09-01,10405.0
2009-09-02,9970.0
2009-09-03,10115.0
2009-09-04,10140.0
2009-09-07,10205.0
2009-09-08,10010.0
2009-09-09,10190.0
2009-09-10,10205.0
2009-09-11,10265.0
2009-09-14,10145.0
2009-09-15,9960.0
2009-09-16,9950.0
2009-09-17,9985.0
2009-09-18,9710.0
2009-09-21,9715.0
2009-09-22,9710.0
2009-09-23,9780.0
2009-09-24,9480.0
2009-09-25,9480.0
2009-09-28,9300.0
2009-09-29,9300.0
2009-09-30,9300.0
2009-10-09,9300.0
2009-10-12,9300.0
2009-10-13,9300.0
2009-10-14,9300.0
2009-10-15,9855.0
2009-10-16,10430.0
2009-10-19,10520.0
2009-10-20,10520.0
2009-10-21,10520.0
2009-10-22,10455.0
2009-10-23,10970.0
2009-10-26,11105.0
2009-10-27,11020.0
2009-10-28,11115.0
2009-10-29,10890.0
2009-10-30,11115.0
2009-11-02,11015.0
2009-11-03,10990.0
2009-11-04,11020.0
2009-11-05,11040.0
2009-11-06,11210.0
2009-11-09,11785.0
2009-11-10,11770.0
2009-11-11,11720.0
2009-11-12,11485.0
2009-11-13,11345.0
2009-11-16,11385.0
2009-11-17,11385.0
2009-11-18,11475.0
2009-11-19,11435.0
2009-11-20,11470.0
2009-11-23,11545.0
2009-11-24,11470.0
2009-11-25,11520.0
2009-11-26,11390.0
2009-11-27,11075.0
2009-11-30,11020.0
2009-12-01,11015.0
2009-12-02,11085.0
2009-12-03,11045.0
2009-12-04,11060.0
2009-12-07,11005.0
2009-12-08,10800.0
2009-12-09,10755.0
2009-12-10,10620.0
2009-12-11,10635.0
2009-12-14,10825.0
2009-12-15,10930.0
2009-12-16,11115.0
2009-12-17,11145.0
2009-12-18,11245.0
2009-12-21,11280.0
2009-12-22,11180.0
2009-12-23,11275.0
2009-12-24,11360.0
2009-12-25,11485.0
2009-12-28,11445.0
2009-12-29,11505.0
2009-12-30,11475.0
2009-12-31,11670.0
2010-01-04,11775.0
2010-01-05,11835.0
2010-01-06,11890.0
2010-01-07,11720.0
2010-01-08,11580.0
2010-01-11,11605.0
2010-01-12,11620.0
2010-01-13,11300.0
2010-01-14,11650.0
2010-01-15,11610.0
2010-01-18,11505.0
2010-01-19,11505.0
2010-01-20,11520.0
2010-01-21,11520.0
2010-01-22,11520.0
2010-01-25,11485.0
2010-01-26,11455.0
2010-01-27,11250.0
2010-01-28,11235.0
2010-01-29,11150.0
2010-02-01,11150.0
2010-02-02,11150.0
2010-02-03,11150.0
2010-02-04,11150.0
2010-02-05,11150.0
2010-02-08,11150.0
2010-02-09,11395.0
2010-02-10,11395.0
2010-02-11,11395.0
2010-02-12,11395.0
2010-02-22,11590.0
2010-02-23,11545.0
2010-02-24,11595.0
2010-02-25,11280.0
2010-02-26,11345.0
2010-03-01,11265.0
2010-03-02,10940.0
2010-03-03,11125.0
2010-03-04,10655.0
2010-03-05,10655.0
2010-03-08,10900.0
2010-03-09,11030.0
2010-03-10,11030.0
2010-03-11,10950.0
2010-03-12,11030.0
2010-03-15,10900.0
2010-03-16,10845.0
2010-03-17,11000.0
2010-03-18,11000.0
2010-03-19,11030.0
2010-03-22,11030.0
2010-03-23,11275.0
2010-03-24,11185.0
2010-03-25,11185.0
2010-03-26,11295.0
2010-03-29,11295.0
2010-03-30,11125.0
2010-03-31,11010.0
2010-04-01,11010.0
2010-04-02,11010.0
2010-04-06,11010.0
2010-04-07,11010.0
2010-04-08,11010.0
2010-04-09,11010.0
2010-04-12,11010.0
2010-04-13,11010.0
2010-04-14,11250.0
2010-04-15,11250.0
2010-04-16,11340.0
2010-04-19,11135.0
2010-04-20,11125.0
2010-04-21,11160.0
2010-04-22,11080.0
2010-04-23,11070.0
2010-04-26,11125.0
2010-04-27,10990.0
2010-04-28,10870.0
2010-04-29,10890.0
2010-04-30,10910.0
2010-05-04,10955.0
2010-05-05,10880.0
2010-05-06,10890.0
2010-05-07,10605.0
2010-05-10,10595.0
2010-05-11,10500.0
2010-05-12,10375.0
2010-05-13,10370.0
2010-05-14,10300.0
2010-05-17,10045.0
2010-05-18,9750.0
2010-05-19,9750.0
2010-05-20,9940.0
2010-05-21,9940.0
2010-05-24,10000.0
2010-05-25,9915.0
2010-05-26,10100.0
2010-05-27,10010.0
2010-05-28,9955.0
2010-05-31,10050.0
2010-06-01,10050.0
2010-06-02,10050.0
2010-06-03,9855.0
2010-06-04,9675.0
2010-06-07,9675.0
2010-06-08,9110.0
2010-06-09,9110.0
2010-06-10,9110.0
2010-06-11,9110.0
2010-06-17,9380.0
2010-06-18,9380.0
2010-06-21,9440.0
2010-06-22,9350.0
2010-06-23,9240.0
2010-06-24,9450.0
2010-06-25,9490.0
2010-06-28,9565.0
2010-06-29,9290.0
2010-06-30,9340.0
2010-07-01,9340.0
2010-07-02,9340.0
2010-07-05,9340.0
2010-07-06,9340.0
2010-07-07,8935.0
2010-07-08,8935.0
2010-07-09,8935.0
2010-07-12,8935.0
2010-07-13,8935.0
2010-07-14,8935.0
2010-07-15,9130.0
2010-07-16,9140.0
2010-07-19,9055.0
2010-07-20,9185.0
2010-07-21,9205.0
2010-07-22,9230.0
2010-07-23,9395.0
2010-07-26,9640.0
2010-07-27,9640.0
2010-07-28,9640.0
2010-07-29,9665.0
2010-07-30,9725.0
2010-08-02,9725.0
2010-08-03,9725.0
2010-08-04,9725.0
2010-08-05,9725.0
2010-08-06,9725.0
2010-08-09,9725.0
2010-08-10,9725.0
2010-08-11,9725.0
2010-08-12,9725.0
2010-08-13,9725.0
2010-08-16,9995.0
2010-08-17,10125.0
2010-08-18,10155.0
2010-08-19,10185.0
2010-08-20,10070.0
2010-08-23,9910.0
2010-08-24,9830.0
2010-08-25,9845.0
2010-08-26,9995.0
2010-08-27,10005.0
2010-08-30,10145.0
2010-08-31,9895.0
2010-09-01,9855.0
2010-09-02,10015.0
2010-09-03,10080.0
2010-09-06,10175.0
2010-09-07,10210.0
2010-09-08,10280.0
2010-09-09,10050.0
2010-09-10,10005.0
2010-09-13,10090.0
2010-09-14,10085.0
2010-09-15,10135.0
2010-09-16,10015.0
2010-09-17,10015.0
2010-09-20,10125.0
2010-09-21,10010.0
2010-09-27,10300.0
2010-09-28,10305.0
2010-09-29,10300.0
2010-09-30,10405.0
2010-10-08,10600.0
2010-10-11,11050.0
2010-10-12,11050.0
2010-10-13,10995.0
2010-10-14,11115.0
2010-10-15,11115.0
2010-10-18,10940.0
2010-10-19,11055.0
2010-10-20,10965.0
2010-10-21,10975.0
2010-10-22,11050.0
2010-10-25,11160.0
2010-10-26,11175.0
2010-10-27,11120.0
2010-10-28,10900.0
2010-10-29,11060.0
2010-11-01,11415.0
2010-11-02,11415.0
2010-11-03,11365.0
2010-11-04,11385.0
2010-11-05,11795.0
2010-11-08,11810.0
2010-11-09,12090.0
2010-11-10,12455.0
2010-11-11,11955.0
2010-11-12,11920.0
2010-11-15,11365.0
2010-11-16,11155.0
2010-11-17,10705.0
2010-11-18,10755.0
2010-11-19,10885.0
2010-11-22,11060.0
2010-11-23,10525.0
2010-11-24,10605.0
2010-11-25,10675.0
2010-11-26,10275.0
2010-11-29,10365.0
2010-11-30,10195.0
2010-12-01,10450.0
2010-12-02,10665.0
2010-12-03,10645.0
2010-12-06,10700.0
2010-12-07,10595.0
2010-12-08,10465.0
2010-12-09,10465.0
2010-12-10,10580.0
2010-12-13,10885.0
2010-12-14,10605.0
2010-12-15,11045.0
2010-12-16,11080.0
2010-12-17,11090.0
2010-12-20,11050.0
2010-12-21,11030.0
2010-12-22,11065.0
2010-12-23,11085.0
2010-12-24,11200.0
2010-12-27,11215.0
2010-12-28,11225.0
2010-12-29,11045.0
2010-12-30,11130.0
2010-12-31,11145.0
2011-01-04,11275.0
2011-01-05,11295.0
2011-01-06,11385.0
2011-01-07,11260.0
2011-01-10,11085.0
2011-01-11,11105.0
2011-01-12,11070.0
2011-01-13,11120.0
2011-01-14,11075.0
2011-01-17,11175.0
2011-01-18,11175.0
2011-01-19,11175.0
2011-01-20,11195.0
2011-01-21,11130.0
2011-01-24,11230.0
2011-01-25,10840.0
2011-01-26,10840.0
2011-01-27,10825.0
2011-01-28,10770.0
2011-01-31,10770.0
2011-02-01,10935.0
2011-02-09,11135.0
2011-02-10,11395.0
2011-02-11,11395.0
2011-02-14,11395.0
2011-02-15,11375.0
2011-02-16,11375.0
2011-02-17,11120.0
2011-02-18,11190.0
2011-02-21,11175.0
2011-02-22,11095.0
2011-02-23,10785.0
2011-02-24,10735.0
2011-02-25,10715.0
2011-02-28,10790.0
2011-03-01,10905.0
2011-03-02,10990.0
2011-03-03,11050.0
2011-03-04,10990.0
2011-03-07,11190.0
2011-03-08,11160.0
2011-03-09,11155.0
2011-03-10,10960.0
2011-03-11,10920.0
2011-03-14,11015.0
2011-03-15,11325.0
2011-03-16,11325.0
2011-03-17,11325.0
2011-03-18,11310.0
2011-03-21,11250.0
2011-03-22,11235.0
2011-03-23,11355.0
2011-03-24,11370.0
2011-03-25,11315.0
2011-03-28,11275.0
2011-03-29,11170.0
2011-03-30,11030.0
2011-03-31,11020.0
2011-04-01,10905.0
2011-04-06,10905.0
2011-04-07,10945.0
2011-04-08,11000.0
2011-04-11,11305.0
2011-04-12,11155.0
2011-04-13,11370.0
2011-04-14,11255.0
2011-04-15,11255.0
2011-04-18,11260.0
2011-04-19,11135.0
2011-04-20,11135.0
2011-04-21,11290.0
2011-04-22,11320.0
2011-04-25,11380.0
2011-04-26,11280.0
2011-04-27,11180.0
2011-04-28,11260.0
2011-04-29,11185.0
2011-05-03,11250.0
2011-05-04,11085.0
2011-05-05,10935.0
2011-05-06,10555.0
2011-05-09,10525.0
2011-05-10,10600.0
2011-05-11,10660.0
2011-05-12,10390.0
2011-05-13,10165.0
2011-05-16,10275.0
2011-05-17,10385.0
2011-05-18,10420.0
2011-05-19,10320.0
2011-05-20,10105.0
2011-05-23,10110.0
2011-05-24,10110.0
2011-05-25,10085.0
2011-05-26,10220.0
2011-05-27,10305.0
2011-05-30,10320.0
2011-05-31,10280.0
2011-06-01,10265.0
2011-06-02,10100.0
2011-06-03,10135.0
2011-06-07,10295.0
2011-06-08,10335.0
2011-06-09,10210.0
2011-06-10,10210.0
2011-06-13,10200.0
2011-06-14,10235.0
2011-06-15,10265.0
2011-06-16,10460.0
2011-06-17,10340.0
2011-06-20,10240.0
2011-06-21,10190.0
2011-06-22,10180.0
2011-06-23,10155.0
2011-06-24,10105.0
2011-06-27,10105.0
2011-06-28,10105.0
2011-06-29,10170.0
2011-06-30,10335.0
2011-07-01,10405.0
2011-07-04,10645.0
2011-07-05,10645.0
2011-07-06,10755.0
2011-07-07,10810.0
2011-07-08,10860.0
2011-07-11,10980.0
2011-07-12,10925.0
2011-07-13,11025.0
2011-07-14,10895.0
2011-07-15,11095.0
2011-07-18,11150.0
2011-07-19,11045.0
2011-07-20,11065.0
2011-07-21,11010.0
2011-07-22,11060.0
2011-07-25,11065.0
2011-07-26,11195.0
2011-07-27,11330.0
2011-07-28,11370.0
2011-07-29,11335.0
2011-08-01,11370.0
2011-08-02,11345.0
2011-08-03,11285.0
2011-08-04,11285.0
2011-08-05,10625.0
2011-08-08,10475.0
2011-08-09,10080.0
2011-08-10,10200.0
2011-08-11,10240.0
2011-08-12,10710.0
2011-08-15,10575.0
2011-08-16,10350.0
2011-08-17,10330.0
2011-08-18,10345.0
2011-08-19,10085.0
2011-08-22,10160.0
2011-08-23,10280.0
2011-08-24,10345.0
2011-08-25,10350.0
2011-08-26,10340.0
2011-08-29,10355.0
2011-08-30,10480.0
2011-08-31,10525.0
2011-09-01,10390.0
2011-09-02,10290.0
2011-09-05,10270.0
2011-09-06,10220.0
2011-09-07,10360.0
2011-09-08,10440.0
2011-09-09,10400.0
2011-09-13,10325.0
2011-09-14,10250.0
2011-09-15,10335.0
2011-09-16,10305.0
2011-09-19,10005.0
2011-09-20,9895.0
2011-09-21,9740.0
2011-09-22,9510.0
2011-09-23,9195.0
2011-09-26,9150.0
2011-09-27,9240.0
2011-09-28,9150.0
2011-09-29,8960.0
2011-09-30,9050.0
2011-10-10,9215.0
2011-10-11,9215.0
2011-10-12,9125.0
2011-10-13,9070.0
2011-10-14,9130.0
2011-10-17,9230.0
2011-10-18,9065.0
2011-10-19,9045.0
2011-10-20,8530.0
2011-10-21,8990.0
2011-10-24,8635.0
2011-10-25,9005.0
2011-10-26,9080.0
2011-10-27,9330.0
2011-10-28,9450.0
2011-10-31,9290.0
2011-11-01,9355.0
2011-11-02,9425.0
2011-11-03,9450.0
2011-11-04,9610.0
2011-11-07,9600.0
2011-11-08,9600.0
2011-11-09,9600.0
2011-11-10,9155.0
2011-11-11,9170.0
2011-11-14,9520.0
2011-11-15,9525.0
2011-11-16,9590.0
2011-11-17,9380.0
2011-11-18,9135.0
2011-11-21,9065.0
2011-11-22,9085.0
2011-11-23,9010.0
2011-11-24,9015.0
2011-11-25,9045.0
2011-11-28,9120.0
2011-11-29,9150.0
2011-11-30,9050.0
2011-12-01,9270.0
2011-12-02,9230.0
2011-12-05,9245.0
2011-12-06,9245.0
2011-12-07,9240.0
2011-12-08,9170.0
2011-12-09,9140.0
2011-12-12,8885.0
2011-12-13,8985.0
2011-12-14,9150.0
2011-12-15,8760.0
2011-12-16,8815.0
2011-12-19,8805.0
2011-12-20,8835.0
2011-12-21,8890.0
2011-12-22,8890.0
2011-12-23,9005.0
2011-12-26,9005.0
2011-12-27,9000.0
2011-12-28,9005.0
2011-12-29,8995.0
2011-12-30,9080.0
2012-01-04,9130.0
2012-01-05,9240.0
2012-01-06,9235.0
2012-01-09,9300.0
2012-01-10,9305.0
2012-01-11,9280.0
2012-01-12,9285.0
2012-01-13,9235.0
2012-01-16,9300.0
2012-01-17,9300.0
2012-01-18,9445.0
2012-01-19,9615.0
2012-01-20,9540.0
2012-01-30,9695.0
2012-01-31,9770.0
2012-02-01,9750.0
2012-02-02,9795.0
2012-02-03,9755.0
2012-02-06,9790.0
2012-02-07,9790.0
2012-02-08,9785.0
2012-02-09,9725.0
2012-02-10,9710.0
2012-02-13,9660.0
2012-02-14,9775.0
2012-02-15,9805.0
2012-02-16,9690.0
2012-02-17,9700.0
2012-02-20,9725.0
2012-02-21,9745.0
2012-02-22,9760.0
2012-02-23,9750.0
2012-02-24,9795.0
2012-02-27,9835.0
2012-02-28,9860.0
2012-02-29,9880.0
2012-03-01,9940.0
2012-03-02,10020.0
2012-03-05,10070.0
2012-03-06,10130.0
2012-03-07,9995.0
2012-03-08,10040.0
2012-03-09,10105.0
2012-03-12,10165.0
2012-03-13,10365.0
2012-03-14,10160.0
2012-03-15,10585.0
2012-03-16,10550.0
2012-03-19,10500.0
2012-03-20,10465.0
2012-03-21,10565.0
2012-03-22,10565.0
2012-03-23,10380.0
2012-03-26,10545.0
2012-03-27,10530.0
2012-03-28,10475.0
2012-03-29,10365.0
2012-03-30,10395.0
2012-04-05,10395.0
2012-04-06,10430.0
2012-04-09,10400.0
2012-04-10,10400.0
2012-04-11,10350.0
2012-04-12,10350.0
2012-04-13,10350.0
2012-04-16,10350.0
2012-04-17,10375.0
2012-04-18,10400.0
2012-04-19,10385.0
2012-04-20,10400.0
2012-04-23,10375.0
2012-04-24,10305.0
2012-04-25,10280.0
2012-04-26,10265.0
2012-04-27,10270.0
2012-05-02,10270.0
2012-05-03,10205.0
2012-05-04,10095.0
2012-05-07,9890.0
2012-05-08,9875.0
2012-05-09,9775.0
2012-05-10,9800.0
2012-05-11,9755.0
2012-05-14,9700.0
2012-05-15,9985.0
2012-05-16,9705.0
2012-05-17,9525.0
2012-05-18,9435.0
2012-05-21,9630.0
2012-05-22,9485.0
2012-05-23,9540.0
2012-05-24,9545.0
2012-05-25,9595.0
2012-05-28,9760.0
2012-05-29,9760.0
2012-05-30,9750.0
2012-05-31,9700.0
2012-06-01,9700.0
2012-06-04,9700.0
2012-06-05,9700.0
2012-06-06,9700.0
2012-06-07,9700.0
2012-06-08,9170.0
2012-06-11,9600.0
2012-06-12,9600.0
2012-06-13,9600.0
2012-06-14,9370.0
2012-06-15,9570.0
2012-06-18,9570.0
2012-06-19,9690.0
2012-06-20,9810.0
2012-06-21,9575.0
2012-06-25,9805.0
2012-06-26,9805.0
2012-06-27,9880.0
2012-06-28,9880.0
2012-06-29,9845.0
2012-07-02,9720.0
2012-07-03,9895.0
2012-07-04,9895.0
2012-07-05,10100.0
2012-07-06,10145.0
2012-07-09,10145.0
2012-07-10,10145.0
2012-07-11,10145.0
2012-07-12,10145.0
2012-07-13,9930.0
2012-07-16,10110.0
2012-07-17,10110.0
2012-07-18,10110.0
2012-07-19,10110.0
2012-07-20,10110.0
2012-07-23,9900.0
2012-07-24,9900.0
2012-07-25,9805.0
2012-07-26,9805.0
2012-07-27,9805.0
2012-07-30,9805.0
2012-07-31,9805.0
2012-08-01,9995.0
2012-08-02,9995.0
2012-08-03,9995.0
2012-08-06,9995.0
2012-08-07,10200.0
2012-08-08,10115.0
2012-08-09,10195.0
2012-08-10,10195.0
2012-08-13,10170.0
2012-08-14,10195.0
2012-08-15,10270.0
2012-08-16,10295.0
2012-08-17,10365.0
2012-08-20,10380.0
2012-08-21,10370.0
2012-08-22,10365.0
2012-08-23,10385.0
2012-08-24,10325.0
2012-08-27,10395.0
2012-08-28,10390.0
2012-08-29,10440.0
2012-08-30,10490.0
2012-08-31,10665.0
2012-09-03,10600.0
2012-09-04,10600.0
2012-09-05,10600.0
2012-09-06,10535.0
2012-09-07,10535.0
2012-09-10,10610.0
2012-09-11,10730.0
2012-09-12,10745.0
2012-09-13,10810.0
2012-09-14,10605.0
2012-09-17,10925.0
2012-09-18,10905.0
2012-09-19,10910.0
2012-09-20,11180.0
2012-09-21,11180.0
2012-09-24,10950.0
2012-09-25,10950.0
2012-09-26,10950.0
2012-09-27,10900.0
2012-09-28,10900.0
2012-10-08,10900.0
2012-10-09,10900.0
2012-10-10,10900.0
2012-10-11,10900.0
2012-10-12,10900.0
2012-10-15,10900.0
2012-10-16,10900.0
2012-10-17,10900.0
2012-10-18,10785.0
2012-10-19,10785.0
2012-10-22,10785.0
2012-10-23,10500.0
2012-10-24,10500.0
2012-10-25,10500.0
2012-10-26,10500.0
2012-10-29,10500.0
2012-10-30,10500.0
2012-10-31,10500.0
2012-11-01,10500.0
2012-11-02,10500.0
2012-11-05,10500.0
2012-11-06,10500.0
2012-11-07,10500.0
2012-11-08,10500.0
2012-11-09,10500.0
2012-11-12,10500.0
2012-11-13,10500.0
2012-11-14,10500.0
2012-11-15,10600.0
2012-11-16,10600.0
2012-11-19,10600.0
2012-11-20,10800.0
2012-11-21,10800.0
2012-11-22,10845.0
2012-11-23,10845.0
2012-11-26,10900.0
2012-11-27,10900.0
2012-11-28,10900.0
2012-11-29,10900.0
2012-11-30,10900.0
2012-12-03,10900.0
2012-12-04,10900.0
2012-12-05,10900.0
2012-12-06,10900.0
2012-12-07,10900.0
2012-12-10,10900.0
2012-12-11,10900.0
2012-12-12,10900.0
2012-12-13,10900.0
2012-12-14,10900.0
2012-12-17,11330.0
2012-12-18,11255.0
2012-12-19,11220.0
2012-12-20,11210.0
2012-12-21,11145.0
2012-12-24,11085.0
2012-12-25,10995.0
2012-12-26,10970.0
2012-12-27,10945.0
2012-12-28,10995.0
2012-12-31,11140.0
2013-01-04,11370.0
2013-01-07,11260.0
2013-01-08,11250.0
2013-01-09,11225.0
2013-01-10,11230.0
2013-01-11,10970.0
2013-01-14,10940.0
2013-01-15,11275.0
2013-01-16,10910.0
2013-01-17,10870.0
2013-01-18,10870.0
2013-01-21,10870.0
2013-01-22,10870.0
2013-01-23,10985.0
2013-01-24,10985.0
2013-01-25,10985.0
2013-01-28,10985.0
2013-01-29,11030.0
2013-01-30,11170.0
2013-01-31,11175.0
2013-02-01,11390.0
2013-02-04,11500.0
2013-02-05,11510.0
2013-02-06,11550.0
2013-02-07,11550.0
2013-02-08,11550.0
2013-02-18,11410.0
2013-02-19,11280.0
2013-02-20,11345.0
2013-02-21,11230.0
2013-02-22,11150.0
2013-02-25,11165.0
2013-02-26,11175.0
2013-02-27,11095.0
2013-02-28,11190.0
2013-03-01,11035.0
2013-03-04,11035.0
2013-03-05,10980.0
2013-03-06,10935.0
2013-03-07,10935.0
2013-03-08,10935.0
2013-03-11,10725.0
2013-03-12,10725.0
2013-03-13,10725.0
2013-03-14,10915.0
2013-03-15,10600.0
2013-03-18,10600.0
2013-03-19,10770.0
2013-03-20,10850.0
2013-03-21,10895.0
2013-03-22,10845.0
2013-03-25,10890.0
2013-03-26,10755.0
2013-03-27,10755.0
2013-03-28,10755.0
2013-03-29,10645.0
2013-04-01,10645.0
2013-04-02,10590.0
2013-04-03,10590.0
2013-04-08,10490.0
2013-04-09,10490.0
2013-04-10,10490.0
2013-04-11,10490.0
2013-04-12,10395.0
2013-04-15,10395.0
2013-04-16,10075.0
2013-04-17,10070.0
2013-04-18,9915.0
2013-04-19,9955.0
2013-04-22,9990.0
2013-04-23,10030.0
2013-04-24,10085.0
2013-04-25,10155.0
2013-04-26,10300.0
2013-05-02,10285.0
2013-05-03,10425.0
2013-05-06,10385.0
2013-05-07,10510.0
2013-05-08,10575.0
2013-05-09,10740.0
2013-05-10,10745.0
2013-05-13,10735.0
2013-05-14,10450.0
2013-05-15,10480.0
2013-05-16,10320.0
2013-05-17,10320.0
2013-05-20,10320.0
2013-05-21,10365.0
2013-05-22,10365.0
2013-05-23,10365.0
2013-05-24,10365.0
2013-05-27,10335.0
2013-05-28,10390.0
2013-05-29,10405.0
2013-05-30,10400.0
2013-05-31,10400.0
2013-06-03,10450.0
2013-06-04,10450.0
2013-06-05,10450.0
2013-06-06,10550.0
2013-06-07,10550.0
2013-06-13,10550.0
2013-06-14,10855.0
2013-06-17,10855.0
2013-06-18,10730.0
2013-06-19,10730.0
2013-06-20,10730.0
2013-06-21,10730.0
2013-06-24,10730.0
2013-06-25,10730.0
2013-06-26,10730.0
2013-06-27,10695.0
2013-06-28,10695.0
2013-07-01,10695.0
2013-07-02,10695.0
2013-07-03,10695.0
2013-07-04,10695.0
2013-07-05,10695.0
2013-07-08,10695.0
2013-07-09,10695.0
2013-07-10,10695.0
2013-07-11,10695.0
2013-07-12,10695.0
2013-07-15,10820.0
2013-07-16,10820.0
2013-07-17,10850.0
2013-07-18,10850.0
2013-07-19,10850.0
2013-07-22,11050.0
2013-07-23,11035.0
2013-07-24,11245.0
2013-07-25,11245.0
2013-07-26,11245.0
2013-07-29,11245.0
2013-07-30,11245.0
2013-07-31,11355.0
2013-08-01,11355.0
2013-08-02,11355.0
2013-08-05,11355.0
2013-08-06,11600.0
2013-08-07,11650.0
2013-08-08,11650.0
2013-08-09,11650.0
2013-08-12,11650.0
2013-08-13,11650.0
2013-08-14,11620.0
2013-08-15,11515.0
2013-08-16,11545.0
2013-08-19,11550.0
2013-08-20,11490.0
2013-08-21,11480.0
2013-08-22,11410.0
2013-08-23,11465.0
2013-08-26,11620.0
2013-08-27,11800.0
2013-08-28,12140.0
2013-08-29,12285.0
2013-08-30,12310.0
2013-09-02,12325.0
2013-09-03,12180.0
2013-09-04,12200.0
2013-09-05,12270.0
2013-09-06,12015.0
2013-09-09,11945.0
2013-09-10,12005.0
2013-09-11,11970.0
2013-09-12,11985.0
2013-09-13,12110.0
2013-09-16,11265.0
2013-09-17,11265.0
2013-09-18,11265.0
2013-09-23,10960.0
2013-09-24,11335.0
2013-09-25,11600.0
2013-09-26,11350.0
2013-09-27,11190.0
2013-09-30,11005.0
2013-10-08,11335.0
2013-10-09,11335.0
2013-10-10,11335.0
2013-10-11,11500.0
2013-10-14,11500.0
2013-10-15,11500.0
2013-10-16,11500.0
2013-10-17,11500.0
2013-10-18,11600.0
2013-10-21,11600.0
2013-10-22,11600.0
2013-10-23,11615.0
2013-10-24,11615.0
2013-10-25,11590.0
2013-10-28,11590.0
2013-10-29,11650.0
2013-10-30,11650.0
2013-10-31,11725.0
2013-11-01,11505.0
2013-11-04,11505.0
2013-11-05,11505.0
2013-11-06,11505.0
2013-11-07,11505.0
2013-11-08,11505.0
2013-11-11,11505.0
2013-11-12,11505.0
2013-11-13,11600.0
2013-11-14,11505.0
2013-11-15,11495.0
2013-11-18,11495.0
2013-11-19,11495.0
2013-11-20,11495.0
2013-11-21,11695.0
2013-11-22,11670.0
2013-11-25,11670.0
2013-11-26,11670.0
2013-11-27,11670.0
2013-11-28,11890.0
2013-11-29,12000.0
2013-12-02,12000.0
2013-12-03,12000.0
2013-12-04,12000.0
2013-12-05,12000.0
2013-12-06,12000.0
2013-12-09,12000.0
2013-12-10,11950.0
2013-12-11,11950.0
2013-12-12,11950.0
2013-12-13,11950.0
2013-12-16,11735.0
2013-12-17,11710.0
2013-12-18,11595.0
2013-12-19,11495.0
2013-12-20,11505.0
2013-12-23,11490.0
2013-12-24,11430.0
2013-12-25,11565.0
2013-12-26,11680.0
2013-12-27,11765.0
2013-12-30,11790.0
2013-12-31,11880.0
2014-01-02,11955.0
2014-01-03,11885.0
2014-01-06,11940.0
2014-01-07,11945.0
2014-01-08,11960.0
2014-01-09,11965.0
2014-01-10,11945.0
2014-01-13,11880.0
2014-01-14,11545.0
2014-01-15,11935.0
2014-01-16,11605.0
2014-01-17,11625.0
2014-01-20,11665.0
2014-01-21,11600.0
2014-01-22,11770.0
2014-01-23,11770.0
2014-01-24,11600.0
2014-01-27,11600.0
2014-01-28,11600.0
2014-01-29,11600.0
2014-01-30,11600.0
2014-02-07,11600.0
2014-02-10,11600.0
2014-02-11,11400.0
2014-02-12,11400.0
2014-02-13,11400.0
2014-02-14,11400.0
2014-02-17,11250.0
2014-02-18,11250.0
2014-02-19,11235.0
2014-02-20,11235.0
2014-02-21,11235.0
2014-02-24,11235.0
2014-02-25,11235.0
2014-02-26,11235.0
2014-02-27,11235.0
2014-02-28,11235.0
2014-03-03,11235.0
2014-03-04,11235.0
2014-03-05,11235.0
2014-03-06,11235.0
2014-03-07,11235.0
2014-03-10,11235.0
2014-03-11,11235.0
2014-03-12,11235.0
2014-03-13,11235.0
2014-03-14,11235.0
2014-03-17,10900.0
2014-03-18,10900.0
2014-03-19,10900.0
2014-03-20,10620.0
2014-03-21,10805.0
2014-03-24,10805.0
2014-03-25,11010.0
2014-03-26,11370.0
2014-03-27,11295.0
2014-03-28,11350.0
2014-03-31,11350.0
2014-04-01,11350.0
2014-04-02,11350.0
2014-04-03,11350.0
2014-04-04,11450.0
2014-04-08,11450.0
2014-04-09,11550.0
2014-04-10,11900.0
2014-04-11,11900.0
2014-04-14,11900.0
2014-04-15,11600.0
2014-04-16,11670.0
2014-04-17,11720.0
2014-04-18,11750.0
2014-04-21,11870.0
2014-04-22,11980.0
2014-04-23,11885.0
2014-04-24,11895.0
2014-04-25,11845.0
2014-04-28,11800.0
2014-04-29,11750.0
2014-04-30,11670.0
2014-05-05,11640.0
2014-05-06,11605.0
2014-05-07,11640.0
2014-05-08,11655.0
2014-05-09,11605.0
2014-05-12,11595.0
2014-05-13,11530.0
2014-05-14,11410.0
2014-05-15,11360.0
2014-05-16,11550.0
2014-05-19,11210.0
2014-05-20,11210.0
2014-05-21,11210.0
2014-05-22,11210.0
2014-05-23,11210.0
2014-05-26,11240.0
2014-05-27,11240.0
2014-05-28,11240.0
2014-05-29,11525.0
2014-05-30,11525.0
2014-06-03,11525.0
2014-06-04,11525.0
2014-06-05,11525.0
2014-06-06,11525.0
2014-06-09,11525.0
2014-06-10,11525.0
2014-06-11,11525.0
2014-06-12,11525.0
2014-06-13,11525.0
2014-06-16,11525.0
2014-06-17,12230.0
2014-06-18,12230.0
2014-06-19,12230.0
2014-06-20,12230.0
2014-06-23,12230.0
2014-06-24,12230.0
2014-06-25,12230.0
2014-06-26,12230.0
2014-06-27,12140.0
2014-06-30,12140.0
2014-07-01,12140.0
2014-07-02,12140.0
2014-07-03,12140.0
2014-07-04,12140.0
2014-07-07,12140.0
2014-07-08,12140.0
2014-07-09,12140.0
2014-07-10,12140.0
2014-07-11,12140.0
2014-07-14,12140.0
2014-07-15,11920.0
2014-07-16,11920.0
2014-07-17,11950.0
2014-07-18,11490.0
2014-07-21,11440.0
2014-07-22,11590.0
2014-07-23,11660.0
2014-07-24,11660.0
2014-07-25,11585.0
2014-07-28,11585.0
2014-07-29,11585.0
2014-07-30,12000.0
2014-07-31,12000.0
2014-08-01,12000.0
2014-08-04,12000.0
2014-08-05,12000.0
2014-08-06,12000.0
2014-08-07,12000.0
2014-08-08,12000.0
2014-08-11,12000.0
2014-08-12,12000.0
2014-08-13,12000.0
2014-08-14,12000.0
2014-08-15,11245.0
2014-08-18,11305.0
2014-08-19,11320.0
2014-08-20,11235.0
2014-08-21,11280.0
2014-08-22,11320.0
2014-08-25,11260.0
2014-08-26,11275.0
2014-08-27,11215.0
2014-08-28,11140.0
2014-08-29,11040.0
2014-09-01,10990.0
2014-09-02,11035.0
2014-09-03,11100.0
2014-09-04,11075.0
2014-09-05,10950.0
2014-09-09,10865.0
2014-09-10,10790.0
2014-09-11,10715.0
2014-09-12,10600.0
2014-09-15,10930.0
2014-09-16,10815.0
2014-09-17,10815.0
2014-09-18,10815.0
2014-09-19,10815.0
2014-09-22,10815.0
2014-09-23,10390.0
2014-09-24,10390.0
2014-09-25,10390.0
2014-09-26,10440.0
2014-09-29,10855.0
2014-09-30,10995.0
2014-10-08,10995.0
2014-10-09,10995.0
2014-10-10,10340.0
2014-10-13,10340.0
2014-10-14,10340.0
2014-10-15,10340.0
2014-10-16,10340.0
2014-10-17,10400.0
2014-10-20,10970.0
2014-10-21,10970.0
2014-10-22,10970.0
2014-10-23,10970.0
2014-10-24,10970.0
2014-10-27,10970.0
2014-10-28,10970.0
2014-10-29,10970.0
2014-10-30,10535.0
2014-10-31,10535.0
2014-11-03,10535.0
2014-11-04,10535.0
2014-11-05,10535.0
2014-11-06,10535.0
2014-11-07,10535.0
2014-11-10,10535.0
2014-11-11,10535.0
2014-11-12,10535.0
2014-11-13,10535.0
2014-11-14,10535.0
2014-11-17,10240.0
2014-11-18,10240.0
2014-11-19,10240.0
2014-11-20,10240.0
2014-11-21,10240.0
2014-11-24,10240.0
2014-11-25,10240.0
2014-11-26,10240.0
2014-11-27,10240.0
2014-11-28,10240.0
2014-12-01,10240.0
2014-12-02,10240.0
2014-12-03,10240.0
2014-12-04,10240.0
2014-12-05,10240.0
2014-12-08,10240.0
2014-12-09,10240.0
2014-12-10,10240.0
2014-12-11,10240.0
2014-12-12,10240.0
2014-12-15,8830.0
2014-12-16,8840.0
2014-12-17,8920.0
2014-12-18,9185.0
2014-12-19,9520.0
2014-12-22,9765.0
2014-12-23,9635.0
2014-12-24,9595.0
2014-12-25,9610.0
2014-12-26,9430.0
2014-12-29,9445.0
2014-12-30,9640.0
2014-12-31,9815.0
2015-01-05,9660.0
2015-01-06,9420.0
2015-01-07,9290.0
2015-01-08,9235.0
2015-01-09,9160.0
2015-01-12,9040.0
2015-01-13,9000.0
2015-01-14,9000.0
2015-01-19,8790.0
2015-01-20,8790.0
2015-01-21,9140.0
2015-01-22,9250.0
2015-01-23,8950.0
2015-01-26,8950.0
2015-01-27,8950.0
2015-01-28,8950.0
2015-01-29,8950.0
2015-01-30,8950.0
2015-02-02,8415.0
2015-02-03,7915.0
2015-02-04,7915.0
2015-02-05,7915.0
2015-02-06,7915.0
2015-02-09,7915.0
2015-02-10,7915.0
2015-02-11,7915.0
2015-02-12,7915.0
2015-02-13,7915.0
2015-02-16,9100.0
2015-02-17,9100.0
2015-02-25,9100.0
2015-02-26,8980.0
2015-02-27,9085.0
2015-03-02,9395.0
2015-03-03,9395.0
2015-03-04,9395.0
2015-03-05,9395.0
2015-03-06,9395.0
2015-03-09,9395.0
2015-03-10,9395.0
2015-03-11,9395.0
2015-03-12,9395.0
2015-03-13,9395.0
2015-03-16,9235.0
2015-03-17,9270.0
2015-03-18,9465.0
2015-03-19,9465.0
2015-03-20,9465.0
2015-03-23,9465.0
2015-03-24,9465.0
2015-03-25,9605.0
2015-03-26,9605.0
2015-03-27,9605.0
2015-03-30,9965.0
2015-03-31,10360.0
2015-04-01,10980.0
2015-04-02,10980.0
2015-04-03,10980.0
2015-04-07,10980.0
2015-04-08,10980.0
2015-04-09,11635.0
2015-04-10,11635.0
2015-04-13,11700.0
2015-04-14,11900.0
2015-04-15,11425.0
2015-04-16,9945.0
2015-04-17,10025.0
2015-04-20,10100.0
2015-04-21,10165.0
2015-04-22,10105.0
2015-04-23,10165.0
2015-04-24,10320.0
2015-04-27,10565.0
2015-04-28,10635.0
2015-04-29,10540.0
2015-04-30,10795.0
2015-05-04,10915.0
2015-05-05,10765.0
2015-05-06,10690.0
2015-05-07,10555.0
2015-05-08,10300.0
2015-05-11,10300.0
2015-05-12,10190.0
2015-05-13,10035.0
2015-05-14,10180.0
2015-05-15,10750.0
2015-05-18,10290.0
2015-05-19,10165.0
2015-05-20,9995.0
2015-05-21,9985.0
2015-05-22,10240.0
2015-05-25,10250.0
2015-05-26,10270.0
2015-05-27,9980.0
2015-05-28,9980.0
2015-05-29,9750.0
2015-06-01,9750.0
2015-06-02,9750.0
2015-06-03,9700.0
2015-06-04,9700.0
2015-06-05,9700.0
2015-06-08,9700.0
2015-06-09,9700.0
2015-06-10,9700.0
2015-06-11,9700.0
2015-06-12,9700.0
2015-06-15,9785.0
2015-06-16,9785.0
2015-06-17,9785.0
2015-06-18,9785.0
2015-06-19,9415.0
2015-06-23,9415.0
2015-06-24,9415.0
2015-06-25,9565.0
2015-06-26,9600.0
2015-06-29,9705.0
2015-06-30,9780.0
2015-07-01,9780.0
2015-07-02,9780.0
2015-07-03,9780.0
2015-07-06,9780.0
2015-07-07,9780.0
2015-07-08,9780.0
2015-07-09,9780.0
2015-07-10,9780.0
2015-07-13,9575.0
2015-07-14,9575.0
2015-07-15,9470.0
2015-07-16,9175.0
2015-07-17,9175.0
2015-07-20,9175.0
2015-07-21,9175.0
2015-07-22,9175.0
2015-07-23,9175.0
2015-07-24,9175.0
2015-07-27,9175.0
2015-07-28,8810.0
2015-07-29,8895.0
2015-07-30,8900.0
2015-07-31,8895.0
2015-08-03,8895.0
2015-08-04,8895.0
2015-08-05,8895.0
2015-08-06,8895.0
2015-08-07,8895.0
2015-08-10,8895.0
2015-08-11,8895.0
2015-08-12,8895.0
2015-08-13,9200.0
2015-08-14,9345.0
2015-08-17,9160.0
2015-08-18,9010.0
2015-08-19,9005.0
2015-08-20,8850.0
2015-08-21,8865.0
2015-08-24,8645.0
2015-08-25,8685.0
2015-08-26,8750.0
2015-08-27,8820.0
2015-08-28,9105.0
2015-08-31,9120.0
2015-09-01,9155.0
2015-09-02,9135.0
2015-09-07,9010.0
2015-09-08,9030.0
2015-09-09,9005.0
2015-09-10,8695.0
2015-09-11,8840.0
2015-09-14,8840.0
2015-09-15,8800.0
2015-09-16,9030.0
2015-09-17,8825.0
2015-09-18,8825.0
2015-09-21,8760.0
2015-09-22,8760.0
2015-09-23,8760.0
2015-09-24,8760.0
2015-09-25,8640.0
2015-09-28,8315.0
2015-09-29,8315.0
2015-09-30,8805.0
2015-10-08,8805.0
2015-10-09,8805.0
2015-10-12,8805.0
2015-10-13,8805.0
2015-10-14,8800.0
2015-10-15,8800.0
2015-10-16,8800.0
2015-10-19,8800.0
2015-10-20,8800.0
2015-10-21,8800.0
2015-10-22,8460.0
2015-10-23,8530.0
2015-10-26,8530.0
2015-10-27,8530.0
2015-10-28,8450.0
2015-10-29,8450.0
2015-10-30,8400.0
2015-11-02,8770.0
2015-11-03,8770.0
2015-11-04,8700.0
2015-11-05,8700.0
2015-11-06,8700.0
2015-11-09,8700.0
2015-11-10,8700.0
2015-11-11,8600.0
2015-11-12,8600.0
2015-11-13,8735.0
2015-11-16,8355.0
2015-11-17,8355.0
2015-11-18,8355.0
2015-11-19,8355.0
2015-11-20,8050.0
2015-11-23,7570.0
2015-11-24,7785.0
2015-11-25,7880.0
2015-11-26,7880.0
2015-11-27,7880.0
2015-11-30,7880.0
2015-12-01,7880.0
2015-12-02,7880.0
2015-12-03,7880.0
2015-12-04,7880.0
2015-12-07,7880.0
2015-12-08,7880.0
2015-12-09,7880.0
2015-12-10,7880.0
2015-12-11,8000.0
2015-12-14,8000.0
2015-12-15,8185.0
2015-12-16,8220.0
2015-12-17,8275.0
2015-12-18,8350.0
2015-12-21,8460.0
2015-12-22,8530.0
2015-12-23,8540.0
2015-12-24,8610.0
2015-12-25,8625.0
2015-12-28,8665.0
2015-12-29,8690.0
2015-12-30,8720.0
2015-12-31,8820.0
2016-01-04,8955.0
2016-01-05,8875.0
2016-01-06,8800.0
2016-01-07,8650.0
2016-01-08,8570.0
2016-01-11,8690.0
2016-01-12,8650.0
2016-01-13,8600.0
2016-01-14,8550.0
2016-01-15,8860.0
2016-01-18,8730.0
2016-01-19,8730.0
2016-01-20,8730.0
2016-01-21,8690.0
2016-01-22,8520.0
2016-01-25,8520.0
2016-01-26,8550.0
2016-01-27,8550.0
2016-01-28,8550.0
2016-01-29,8550.0
2016-02-01,8550.0
2016-02-02,8550.0
2016-02-03,8550.0
2016-02-04,8550.0
2016-02-05,8550.0
2016-02-22,8560.0
2016-02-23,8560.0
2016-02-24,8565.0
2016-02-25,8565.0
2016-02-26,8565.0
2016-02-29,8565.0
2016-03-01,8565.0
2016-03-02,8565.0
2016-03-03,8565.0
2016-03-04,8565.0
2016-03-07,8565.0
2016-03-08,8565.0
2016-03-09,8565.0
2016-03-10,8565.0
2016-03-11,8565.0
2016-03-14,8565.0
2016-03-15,9420.0
2016-03-16,9430.0
2016-03-17,9725.0
2016-03-18,9725.0
2016-03-21,9845.0
2016-03-22,9775.0
2016-03-23,9750.0
2016-03-24,9665.0
2016-03-25,9840.0
2016-03-28,9840.0
2016-03-29,9760.0
2016-03-30,9825.0
2016-03-31,10150.0
2016-04-01,10150.0
2016-04-05,10150.0
2016-04-06,10150.0
2016-04-07,10150.0
2016-04-08,10150.0
2016-04-11,10150.0
2016-04-12,10150.0
2016-04-13,10150.0
2016-04-14,10150.0
2016-04-15,8895.0
2016-04-18,8855.0
2016-04-19,8740.0
2016-04-20,8620.0
2016-04-21,8710.0
2016-04-22,8670.0
2016-04-25,8800.0
2016-04-26,8915.0
2016-04-27,8880.0
2016-04-28,8815.0
2016-04-29,8640.0
2016-05-03,8390.0
2016-05-04,8425.0
2016-05-05,8440.0
2016-05-06,8425.0
2016-05-09,8390.0
2016-05-10,8320.0
2016-05-11,8395.0
2016-05-12,8490.0
2016-05-13,8300.0
2016-05-16,8400.0
2016-05-17,8410.0
2016-05-18,8410.0
2016-05-19,8375.0
2016-05-20,8320.0
2016-05-23,8515.0
2016-05-24,8515.0
2016-05-25,8515.0
2016-05-26,8515.0
2016-05-27,8885.0
2016-05-30,8590.0
2016-05-31,8720.0
2016-06-01,8335.0
2016-06-02,8335.0
2016-06-03,8335.0
2016-06-06,8335.0
2016-06-07,8335.0
2016-06-08,8335.0
2016-06-13,8335.0
2016-06-14,8335.0
2016-06-15,8335.0
2016-06-16,8455.0
2016-06-17,9015.0
2016-06-20,9015.0
2016-06-21,9390.0
2016-06-22,9390.0
2016-06-23,9390.0
2016-06-24,9390.0
2016-06-27,9390.0
2016-06-28,9850.0
2016-06-29,9850.0
2016-06-30,9560.0
2016-07-01,9560.0
2016-07-04,9560.0
2016-07-05,9560.0
2016-07-06,9560.0
2016-07-07,9560.0
2016-07-08,9560.0
2016-07-11,9560.0
2016-07-12,9560.0
2016-07-13,9560.0
2016-07-14,9560.0
2016-07-15,9370.0
2016-07-18,9030.0
2016-07-19,9190.0
2016-07-20,9145.0
2016-07-21,9145.0
2016-07-22,9145.0
2016-07-25,9145.0
2016-07-26,9030.0
2016-07-27,9030.0
2016-07-28,9030.0
2016-07-29,9030.0
2016-08-01,9030.0
2016-08-02,9030.0
2016-08-03,9030.0
2016-08-04,9030.0
2016-08-05,9030.0
2016-08-08,9030.0
2016-08-09,9030.0
2016-08-10,9030.0
2016-08-11,9030.0
2016-08-12,9030.0
2016-08-15,9090.0
2016-08-16,9055.0
2016-08-17,9015.0
2016-08-18,9075.0
2016-08-19,9110.0
2016-08-22,9070.0
2016-08-23,9130.0
2016-08-24,9255.0
2016-08-25,9160.0
2016-08-26,9205.0
2016-08-29,9115.0
2016-08-30,9035.0
2016-08-31,8990.0
2016-09-01,8970.0
2016-09-02,8945.0
2016-09-05,8920.0
2016-09-06,8950.0
2016-09-07,8950.0
2016-09-08,9010.0
2016-09-09,9045.0
2016-09-12,8960.0
2016-09-13,8940.0
2016-09-14,8955.0
2016-09-19,8810.0
2016-09-20,8785.0
2016-09-21,8785.0
2016-09-22,8785.0
2016-09-23,8455.0
2016-09-26,8870.0
2016-09-27,8870.0
2016-09-28,8870.0
2016-09-29,8870.0
2016-09-30,8870.0
2016-10-10,8870.0
2016-10-11,8870.0
2016-10-12,8870.0
2016-10-13,8870.0
2016-10-14,8870.0
2016-10-17,8870.0
2016-10-18,8870.0
2016-10-19,8870.0
2016-10-20,8870.0
2016-10-21,8870.0
2016-10-24,9145.0
2016-10-25,9145.0
2016-10-26,9270.0
2016-10-27,9450.0
2016-10-28,9450.0
2016-10-31,9450.0
2016-11-01,9450.0
2016-11-02,9450.0
2016-11-03,9450.0
2016-11-04,9450.0
2016-11-07,9450.0
2016-11-08,9450.0
2016-11-09,9450.0
2016-11-10,9450.0
2016-11-11,9450.0
2016-11-14,9450.0
2016-11-15,9660.0
2016-11-16,9660.0
2016-11-17,9660.0
2016-11-18,9660.0
2016-11-21,9660.0
2016-11-22,9840.0
2016-11-23,9840.0
2016-11-24,9840.0
2016-11-25,9840.0
2016-11-28,9840.0
2016-11-29,9840.0
2016-11-30,9840.0
2016-12-01,9840.0
2016-12-02,9840.0
2016-12-05,9840.0
2016-12-06,9840.0
2016-12-07,9840.0
2016-12-08,9840.0
2016-12-09,9840.0
2016-12-12,9840.0
2016-12-13,9840.0
2016-12-14,9840.0
2016-12-15,10080.0
2016-12-16,10115.0
2016-12-19,9970.0
2016-12-20,9790.0
2016-12-21,9750.0
2016-12-22,9790.0
2016-12-23,9755.0
2016-12-26,9740.0
2016-12-27,9925.0
2016-12-28,9980.0
2016-12-29,10000.0
2016-12-30,9780.0
2017-01-03,9650.0
2017-01-04,9575.0
2017-01-05,9555.0
2017-01-06,9555.0
2017-01-09,9520.0
2017-01-10,9660.0
2017-01-11,9710.0
2017-01-12,9770.0
2017-01-13,9835.0
2017-01-16,9645.0
2017-01-17,9525.0
2017-01-18,9600.0
2017-01-19,9600.0
2017-01-20,9615.0
2017-01-23,10085.0
2017-01-24,10085.0
2017-01-25,10085.0
2017-01-26,10790.0
2017-02-03,10790.0
2017-02-06,10790.0
2017-02-07,10790.0
2017-02-08,10790.0
2017-02-09,10790.0
2017-02-10,10790.0
2017-02-13,10790.0
2017-02-14,10790.0
2017-02-15,10790.0
2017-02-16,10790.0
2017-02-20,10250.0
2017-02-21,10250.0
2017-02-22,10250.0
2017-02-23,10250.0
2017-02-24,10250.0
2017-02-27,10250.0
2017-02-28,9740.0
2017-03-01,8965.0
2017-03-02,8965.0
2017-03-03,8965.0
2017-03-06,8965.0
2017-03-07,8965.0
2017-03-08,8965.0
2017-03-09,8965.0
2017-03-10,8950.0
2017-03-13,8950.0
2017-03-14,8955.0
2017-03-15,9915.0
2017-03-16,9915.0
2017-03-17,9915.0
2017-03-20,9915.0
2017-03-21,9915.0
2017-03-22,9915.0
2017-03-23,9915.0
2017-03-24,9915.0
2017-03-27,9915.0
2017-03-28,9915.0
2017-03-29,9915.0
2017-03-30,9915.0
2017-03-31,9915.0
2017-04-05,9915.0
2017-04-06,9915.0
2017-04-07,9915.0
2017-04-10,9915.0
2017-04-11,9915.0
2017-04-12,9915.0
2017-04-13,9915.0
2017-04-14,9915.0
2017-04-17,9915.0
2017-04-18,9000.0
2017-04-19,8955.0
2017-04-20,8950.0
2017-04-21,8955.0
2017-04-24,8760.0
2017-04-25,8730.0
2017-04-26,8750.0
2017-04-27,8745.0
2017-04-28,8850.0
2017-05-02,8900.0
2017-05-03,8885.0
2017-05-04,8685.0
2017-05-05,8650.0
2017-05-08,8750.0
2017-05-09,8675.0
2017-05-10,8600.0
2017-05-11,8650.0
2017-05-12,8675.0
2017-05-15,8815.0
2017-05-16,8725.0
2017-05-17,8725.0
2017-05-18,8725.0
2017-05-19,8725.0
2017-05-22,8725.0
2017-05-23,8725.0
2017-05-24,8725.0
2017-05-25,9150.0
2017-05-26,8930.0
2017-05-31,9365.0
2017-06-01,9365.0
2017-06-02,9365.0
2017-06-05,9365.0
2017-06-06,9365.0
2017-06-07,9365.0
2017-06-08,9365.0
2017-06-09,9365.0
2017-06-12,9365.0
2017-06-13,9365.0
2017-06-14,9365.0
2017-06-15,9500.0
2017-06-16,9500.0
2017-06-19,9685.0
2017-06-20,9245.0
2017-06-21,9025.0
2017-06-22,8950.0
2017-06-23,8950.0
2017-06-26,8950.0
2017-06-27,8950.0
2017-06-28,8950.0
2017-06-29,8950.0
2017-06-30,8950.0
2017-07-03,8950.0
2017-07-04,8950.0
2017-07-05,8950.0
2017-07-06,8950.0
2017-07-07,8950.0
2017-07-10,8950.0
2017-07-11,8950.0
2017-07-12,8950.0
2017-07-13,8950.0
2017-07-14,8950.0
2017-07-17,8980.0
2017-07-18,8980.0
2017-07-19,9130.0
2017-07-20,9130.0
2017-07-21,9130.0
2017-07-24,9130.0
2017-07-25,9130.0
2017-07-26,9130.0
2017-07-27,9130.0
2017-07-28,9130.0
2017-07-31,9130.0
2017-08-01,9130.0
2017-08-02,9130.0
2017-08-03,9130.0
2017-08-04,9130.0
2017-08-07,9130.0
2017-08-08,9130.0
2017-08-09,9130.0
2017-08-10,9130.0
2017-08-11,9130.0
2017-08-14,9130.0
2017-08-15,9290.0
2017-08-16,9325.0
2017-08-17,9480.0
2017-08-18,9510.0
2017-08-21,9605.0
2017-08-22,9700.0
2017-08-23,9735.0
2017-08-24,9725.0
2017-08-25,9800.0
2017-08-28,9665.0
2017-08-29,9760.0
2017-08-30,9765.0
2017-08-31,9825.0
2017-09-01,9950.0
2017-09-04,10115.0
2017-09-05,10140.0
2017-09-06,10075.0
2017-09-07,9945.0
2017-09-08,9840.0
2017-09-11,9705.0
2017-09-12,9755.0
2017-09-13,9855.0
2017-09-14,9930.0
2017-09-15,9945.0
2017-09-18,9945.0
2017-09-19,9585.0
2017-09-20,9585.0
2017-09-21,9585.0
2017-09-22,9585.0
2017-09-25,9360.0
2017-09-26,9360.0
2017-09-27,9360.0
2017-09-28,9360.0
2017-09-29,9200.0
2017-10-09,9200.0
2017-10-10,9200.0
2017-10-11,9200.0
2017-10-12,9200.0
2017-10-13,9200.0
2017-10-16,9200.0
2017-10-17,9200.0
2017-10-18,9250.0
2017-10-19,9250.0
2017-10-20,9200.0
2017-10-23,9465.0
2017-10-24,9465.0
2017-10-25,9465.0
2017-10-26,9465.0
2017-10-27,9465.0
2017-10-30,9500.0
2017-10-31,9510.0
2017-11-01,9510.0
2017-11-02,9510.0
2017-11-03,9510.0
2017-11-06,9510.0
2017-11-07,9510.0
2017-11-08,9510.0
2017-11-09,9510.0
2017-11-10,9510.0
2017-11-13,9510.0
2017-11-14,9510.0
2017-11-15,9715.0
2017-11-16,9715.0
2017-11-17,9715.0
2017-11-20,9715.0
2017-11-21,9715.0
2017-11-22,9715.0
2017-11-23,9715.0
2017-11-24,9645.0
2017-11-27,9590.0
2017-11-28,9590.0
2017-11-29,9590.0
2017-11-30,9590.0
2017-12-01,9590.0
2017-12-04,9590.0
2017-12-05,9590.0
2017-12-06,9590.0
2017-12-07,9590.0
2017-12-08,9590.0
2017-12-11,9495.0
2017-12-12,9495.0
2017-12-13,9495.0
2017-12-14,9495.0
2017-12-15,9540.0
2017-12-18,9550.0
2017-12-19,9590.0
2017-12-20,9620.0
2017-12-21,9610.0
2017-12-22,9545.0
2017-12-25,9490.0
2017-12-26,9470.0
2017-12-27,9545.0
2017-12-28,9555.0
2017-12-29,9545.0
2018-01-02,9755.0
2018-01-03,9725.0
2018-01-04,9710.0
2018-01-05,9725.0
2018-01-08,9800.0
2018-01-09,9635.0
2018-01-10,9820.0
2018-01-11,9820.0
2018-01-12,9855.0
2018-01-15,9755.0
2018-01-16,9870.0
2018-01-17,9870.0
2018-01-18,9870.0
2018-01-19,9870.0
2018-01-22,9870.0
2018-01-23,9870.0
2018-01-24,9870.0
2018-01-25,9870.0
2018-01-26,9870.0
2018-01-29,9985.0
2018-01-30,9985.0
2018-01-31,9985.0
2018-02-01,9985.0
2018-02-02,9985.0
2018-02-05,9985.0
2018-02-06,9985.0
2018-02-07,9985.0
2018-02-08,9450.0
2018-02-09,9450.0
2018-02-12,9450.0
2018-02-13,9450.0
2018-02-14,9450.0
2018-02-22,9230.0
2018-02-23,9230.0
2018-02-26,9230.0
2018-02-27,8970.0
2018-02-28,8970.0
2018-03-01,8970.0
2018-03-02,8970.0
2018-03-05,8970.0
2018-03-06,8970.0
2018-03-07,8970.0
2018-03-08,8970.0
2018-03-09,8970.0
2018-03-12,8970.0
2018-03-13,8970.0
2018-03-14,9250.0
2018-03-15,9550.0
2018-03-16,9550.0
2018-03-19,9550.0
2018-03-20,9360.0
2018-03-21,9360.0
2018-03-22,9360.0
2018-03-23,9350.0
2018-03-26,9220.0
2018-03-27,9220.0
2018-03-28,9640.0
2018-03-29,9640.0
2018-03-30,9730.0
2018-04-02,9400.0
2018-04-03,9400.0
2018-04-04,9400.0
2018-04-09,9400.0
2018-04-10,9960.0
2018-04-11,10855.0
2018-04-12,10855.0
2018-04-13,10855.0
2018-04-16,10855.0
2018-04-17,9560.0
2018-04-18,9295.0
2018-04-19,9350.0
2018-04-20,9285.0
2018-04-23,9235.0
2018-04-24,9265.0
2018-04-25,9265.0
2018-04-26,9250.0
2018-04-27,9250.0
2018-05-02,9385.0
2018-05-03,9530.0
2018-05-04,9650.0
2018-05-07,9640.0
2018-05-08,9650.0
2018-05-09,9700.0
2018-05-10,9660.0
2018-05-11,9600.0
2018-05-14,9600.0
2018-05-15,9470.0
2018-05-16,9600.0
2018-05-17,9600.0
2018-05-18,9600.0
2018-05-21,9600.0
2018-05-22,9330.0
2018-05-23,9635.0
2018-05-24,9635.0
2018-05-25,9635.0
2018-05-28,9635.0
2018-05-29,9225.0
2018-05-30,9345.0
2018-05-31,9810.0
2018-06-01,10330.0
2018-06-04,10330.0
2018-06-05,10330.0
2018-06-06,10330.0
2018-06-07,10330.0
2018-06-08,10330.0
2018-06-11,10330.0
2018-06-12,10330.0
2018-06-13,10330.0
2018-06-14,10330.0
2018-06-15,9090.0
2018-06-19,9030.0
2018-06-20,9030.0
2018-06-21,8955.0
2018-06-22,8955.0
2018-06-25,8955.0
2018-06-26,8955.0
2018-06-27,8955.0
2018-06-28,8955.0
2018-06-29,9095.0
2018-07-02,9095.0
2018-07-03,9095.0
2018-07-04,9095.0
2018-07-05,9095.0
2018-07-06,9095.0
2018-07-09,9095.0
2018-07-10,8995.0
2018-07-11,8995.0
2018-07-12,8995.0
2018-07-13,8995.0
2018-07-16,9115.0
2018-07-17,9115.0
2018-07-18,9115.0
2018-07-19,9115.0
2018-07-20,9115.0
2018-07-23,9115.0
2018-07-24,9120.0
2018-07-25,9135.0
2018-07-26,9135.0
2018-07-27,9135.0
2018-07-30,9345.0
2018-07-31,9345.0
2018-08-01,9345.0
2018-08-02,9345.0
2018-08-03,9345.0
2018-08-06,9345.0
2018-08-07,9345.0
2018-08-08,9495.0
2018-08-09,9600.0
2018-08-10,9600.0
2018-08-13,9600.0
2018-08-14,9570.0
2018-08-15,9660.0
2018-08-16,9640.0
2018-08-17,9635.0
2018-08-20,9585.0
2018-08-21,9580.0
2018-08-22,9625.0
2018-08-23,9630.0
2018-08-24,9560.0
2018-08-27,9540.0
2018-08-28,9530.0
2018-08-29,9485.0
2018-08-30,9445.0
2018-08-31,9455.0
2018-09-03,9360.0
2018-09-04,9465.0
2018-09-05,9350.0
2018-09-06,9395.0
2018-09-07,9300.0
2018-09-10,9250.0
2018-09-11,9320.0
2018-09-12,9300.0
2018-09-13,9295.0
2018-09-14,9370.0
2018-09-17,9270.0
2018-09-18,9270.0
2018-09-19,9270.0
2018-09-20,9270.0
2018-09-21,9270.0
2018-09-25,9270.0
2018-09-26,9270.0
2018-09-27,9270.0
2018-09-28,9270.0
2018-10-08,9270.0
2018-10-09,9270.0
2018-10-10,9270.0
2018-10-11,9270.0
2018-10-12,9270.0
2018-10-15,9270.0
2018-10-16,9270.0
2018-10-17,9270.0
2018-10-18,9270.0
2018-10-19,9270.0
2018-10-22,9370.0
2018-10-23,9370.0
2018-10-24,9370.0
2018-10-25,9370.0
2018-10-26,9370.0
2018-10-29,9370.0
2018-10-30,9370.0
2018-10-31,9370.0
2018-11-01,9370.0
2018-11-02,9370.0
2018-11-05,9370.0
2018-11-06,9370.0
2018-11-07,9370.0
2018-11-08,9370.0
2018-11-09,9370.0
2018-11-12,9370.0
2018-11-13,9370.0
2018-11-14,9370.0
2018-11-15,9245.0
2018-11-16,9245.0
2018-11-19,8940.0
2018-11-20,9035.0
2018-11-21,9035.0
2018-11-22,9035.0
2018-11-23,9035.0
2018-11-26,9035.0
2018-11-27,9035.0
2018-11-28,9035.0
2018-11-29,9035.0
2018-11-30,9035.0
2018-12-03,9035.0
2018-12-04,9035.0
2018-12-05,9035.0
2018-12-06,9035.0
2018-12-07,9035.0
2018-12-10,9035.0
2018-12-11,9035.0
2018-12-12,9035.0
2018-12-13,9035.0
2018-12-14,9035.0
2018-12-17,9100.0
2018-12-18,9095.0
2018-12-19,9120.0
2018-12-20,9115.0
2018-12-21,9035.0
2018-12-24,8970.0
2018-12-25,8895.0
2018-12-26,8950.0
2018-12-27,9060.0
2018-12-28,9055.0
2019-01-02,9020.0
2019-01-03,9015.0
2019-01-04,9015.0
2019-01-07,9025.0
2019-01-08,9025.0
2019-01-09,8960.0
2019-01-10,8890.0
2019-01-11,8565.0
2019-01-14,8935.0
2019-01-15,9015.0
2019-01-16,8840.0
2019-01-17,8840.0
2019-01-18,8840.0
2019-01-21,8840.0
2019-01-22,8840.0
2019-01-23,8840.0
2019-01-24,8840.0
2019-01-25,8840.0
2019-01-28,8840.0
2019-01-29,8840.0
2019-01-30,8840.0
2019-01-31,8840.0
2019-02-01,8840.0
2019-02-11,8840.0
2019-02-12,8840.0
2019-02-13,8840.0
2019-02-14,8840.0
2019-02-15,8840.0
2019-02-18,8840.0
2019-02-19,8840.0
2019-02-20,8840.0
2019-02-21,8840.0
2019-02-22,8875.0
2019-02-25,8875.0
2019-02-26,8875.0
2019-02-27,8875.0
2019-02-28,8450.0
2019-03-01,8450.0
2019-03-04,8450.0
2019-03-05,8450.0
2019-03-06,8450.0
2019-03-07,8450.0
2019-03-08,8450.0
2019-03-11,8450.0
2019-03-12,8450.0
2019-03-13,8450.0
2019-03-14,8450.0
2019-03-15,8625.0
2019-03-18,8625.0
2019-03-19,8625.0
2019-03-20,8625.0
2019-03-21,8625.0
2019-03-22,8625.0
2019-03-25,8625.0
2019-03-26,8625.0
2019-03-27,8625.0
2019-03-28,8625.0
2019-03-29,8625.0
2019-04-01,8625.0
2019-04-02,8625.0
2019-04-03,8625.0
2019-04-04,8625.0
2019-04-08,8625.0
2019-04-09,8625.0
2019-04-10,8625.0
2019-04-11,8625.0
2019-04-12,8625.0
2019-04-15,9195.0
2019-04-16,8560.0
2019-04-17,8535.0
2019-04-18,8465.0
2019-04-19,8395.0
2019-04-22,8395.0
2019-04-23,8365.0
2019-04-24,8360.0
2019-04-25,8365.0
2019-04-26,8370.0
2019-04-29,8360.0
2019-04-30,8335.0
2019-05-06,8250.0
2019-05-07,8235.0
2019-05-08,8095.0
2019-05-09,7965.0
2019-05-10,7945.0
2019-05-13,7920.0
2019-05-14,7755.0
2019-05-15,7610.0
2019-05-16,7620.0
2019-05-17,8055.0
2019-05-20,7900.0
2019-05-21,7900.0
2019-05-22,7900.0
2019-05-23,7900.0
2019-05-24,7900.0
2019-05-27,7900.0
2019-05-28,7900.0
2019-05-29,7900.0
2019-05-30,7900.0
2019-05-31,8070.0
2019-06-03,8070.0
2019-06-04,7900.0
2019-06-05,7900.0
2019-06-06,7900.0
2019-06-10,7900.0
2019-06-11,7900.0
2019-06-12,7900.0
2019-06-13,7900.0
2019-06-14,7900.0
2019-06-17,7900.0
2019-06-18,7450.0
2019-06-19,7450.0
2019-06-20,7550.0
2019-06-21,7550.0
2019-06-24,7550.0
2019-06-25,7550.0
2019-06-26,7550.0
2019-06-27,7550.0
2019-06-28,7685.0
2019-07-01,7685.0
2019-07-02,7685.0
2019-07-03,7685.0
2019-07-04,7685.0
2019-07-05,7685.0
2019-07-08,7685.0
2019-07-09,7685.0
2019-07-10,7685.0
2019-07-11,7685.0
2019-07-12,7685.0
2019-07-15,7815.0
2019-07-16,7815.0
2019-07-17,7815.0
2019-07-18,7815.0
2019-07-19,7795.0
2019-07-22,7895.0
2019-07-23,7895.0
2019-07-24,7735.0
2019-07-25,7430.0
2019-07-26,7430.0
2019-07-29,7430.0
2019-07-30,7470.0
2019-07-31,7470.0
2019-08-01,7470.0
2019-08-02,7470.0
2019-08-05,7470.0
2019-08-06,7470.0
2019-08-07,7470.0
2019-08-08,7470.0
2019-08-09,7450.0
2019-08-12,7385.0
2019-08-13,7385.0
2019-08-14,7445.0
2019-08-15,7475.0
2019-08-16,7425.0
2019-08-19,7405.0
2019-08-20,7435.0
2019-08-21,7360.0
2019-08-22,7300.0
2019-08-23,7225.0
2019-08-26,7210.0
2019-08-27,7215.0
2019-08-28,7165.0
2019-08-29,7110.0
2019-08-30,7050.0
2019-09-02,7055.0
2019-09-03,7095.0
2019-09-04,7115.0
2019-09-05,7155.0
2019-09-06,7125.0
2019-09-09,7140.0
2019-09-10,7160.0
2019-09-11,7155.0
2019-09-12,7215.0
2019-09-16,7120.0
2019-09-17,7690.0
2019-09-18,7695.0
2019-09-19,7695.0
2019-09-20,7695.0
2019-09-23,7695.0
2019-09-24,7540.0
2019-09-25,7540.0
2019-09-26,7455.0
2019-09-27,7455.0
2019-09-30,7455.0
2019-10-08,7455.0
2019-10-09,7455.0
2019-10-10,7455.0
2019-10-11,7455.0
2019-10-14,7455.0
2019-10-15,7455.0
2019-10-16,7455.0
2019-10-17,7455.0
2019-10-18,7455.0
2019-10-21,7455.0
2019-10-22,7125.0
2019-10-23,7035.0
2019-10-24,7035.0
2019-10-25,7180.0
2019-10-28,7180.0
2019-10-29,7180.0
2019-10-30,7190.0
2019-10-31,7000.0
2019-11-01,7000.0
2019-11-04,7100.0
2019-11-05,7100.0
2019-11-06,7100.0
2019-11-07,7140.0
2019-11-08,7105.0
2019-11-11,7100.0
2019-11-12,7060.0
2019-11-13,7030.0
2019-11-14,7100.0
2019-11-15,6975.0
2019-11-18,6975.0
2019-11-19,6975.0
2019-11-20,6975.0
2019-11-21,6975.0
2019-11-22,7100.0
2019-11-25,7100.0
2019-11-26,7025.0
2019-11-27,7115.0
2019-11-28,7040.0
2019-11-29,7185.0
2019-12-02,7185.0
2019-12-03,7185.0
2019-12-04,7185.0
2019-12-05,7185.0
2019-12-06,7185.0
2019-12-09,7185.0
2019-12-10,7185.0
2019-12-11,7185.0
2019-12-12,7185.0
2019-12-13,7185.0
2019-12-16,7265.0
2019-12-17,7265.0
2019-12-18,7225.0
2019-12-19,7185.0
2019-12-20,7225.0
2019-12-23,7245.0
2019-12-24,7230.0
2019-12-25,7225.0
2019-12-26,7245.0
2019-12-27,7260.0
2019-12-30,7260.0
2019-12-31,7190.0
2020-01-02,7140.0
2020-01-03,7155.0
2020-01-06,7220.0
2020-01-07,7225.0
2020-01-08,7300.0
2020-01-09,7255.0
2020-01-10,7250.0
2020-01-13,7245.0
2020-01-14,7245.0
2020-01-15,7205.0
2020-01-16,7370.0
2020-01-17,7360.0
2020-01-20,7360.0
2020-01-21,7300.0
2020-01-22,7010.0
2020-01-23,7010.0
2020-02-03,7010.0
2020-02-04,7010.0
2020-02-05,7010.0
2020-02-06,7010.0
2020-02-07,7010.0
2020-02-10,7010.0
2020-02-11,7010.0
2020-02-12,7010.0
2020-02-13,7010.0
2020-02-14,7010.0
2020-02-17,7280.0
2020-02-18,7280.0
2020-02-19,6990.0
2020-02-20,6830.0
2020-02-21,6600.0
2020-02-24,6480.0
2020-02-25,6335.0
2020-02-26,6235.0
2020-02-27,6235.0
2020-02-28,6000.0
2020-03-02,6315.0
2020-03-03,6315.0
2020-03-04,6500.0
2020-03-05,6480.0
2020-03-06,6480.0
2020-03-09,6480.0
2020-03-10,6480.0
2020-03-11,6480.0
2020-03-12,6480.0
2020-03-13,6400.0
2020-03-16,6630.0
2020-03-17,6465.0
2020-03-18,6465.0
2020-03-19,6465.0
2020-03-20,6300.0
2020-03-23,6085.0
2020-03-24,6135.0
2020-03-25,6235.0
2020-03-26,5865.0
2020-03-27,5800.0
2020-03-30,5455.0
2020-03-31,5650.0
2020-04-01,5650.0
2020-04-02,5700.0
2020-04-03,5700.0
2020-04-07,5700.0
2020-04-08,5700.0
2020-04-09,5700.0
2020-04-10,5700.0
2020-04-13,6095.0
2020-04-14,6475.0
2020-04-15,6085.0
2020-04-16,6300.0
2020-04-17,6365.0
2020-04-20,6150.0
2020-04-21,5935.0
2020-04-22,5805.0
2020-04-23,6045.0
2020-04-24,6175.0
2020-04-27,6280.0
2020-04-28,6250.0
2020-04-29,6220.0
2020-04-30,6235.0
2020-05-06,6330.0
2020-05-07,6470.0
2020-05-08,6390.0
2020-05-11,6350.0
2020-05-12,6460.0
2020-05-13,6420.0
2020-05-14,6445.0
2020-05-15,6410.0
2020-05-18,6315.0
2020-05-19,6375.0
2020-05-20,6485.0
2020-05-21,6690.0
2020-05-22,6670.0
2020-05-25,6660.0
2020-05-26,6650.0
2020-05-27,6655.0
2020-05-28,7155.0
2020-05-29,6865.0
2020-06-01,6865.0
2020-06-02,6865.0
2020-06-03,6865.0
2020-06-04,6865.0
2020-06-05,6865.0
2020-06-08,6865.0
2020-06-09,6865.0
2020-06-10,6865.0
2020-06-11,6865.0
2020-06-12,6865.0
2020-06-15,6680.0
2020-06-16,6725.0
2020-06-17,6725.0
2020-06-18,6880.0
2020-06-19,6880.0
2020-06-22,6880.0
2020-06-23,6715.0
2020-06-24,6860.0
2020-06-29,6860.0
2020-06-30,6805.0
2020-07-01,6805.0
2020-07-02,6805.0
2020-07-03,6805.0
2020-07-06,6805.0
2020-07-07,6805.0
2020-07-08,6805.0
2020-07-09,6805.0
2020-07-10,7105.0
2020-07-13,7105.0
2020-07-14,7160.0
2020-07-15,7265.0
2020-07-16,7145.0
2020-07-17,7040.0
2020-07-20,7130.0
2020-07-21,7090.0
2020-07-22,7070.0
2020-07-23,6935.0
2020-07-24,6935.0
2020-07-27,7055.0
2020-07-28,7165.0
2020-07-29,7075.0
2020-07-30,7105.0
2020-07-31,6895.0
2020-08-03,6900.0
2020-08-04,7190.0
2020-08-05,7190.0
2020-08-06,7190.0
2020-08-07,7190.0
2020-08-10,7050.0
2020-08-11,7050.0
2020-08-12,7050.0
2020-08-13,7050.0
2020-08-14,7130.0
2020-08-17,7045.0
2020-08-18,7135.0
2020-08-19,7135.0
2020-08-20,7135.0
2020-08-21,7105.0
2020-08-24,7070.0
2020-08-25,7145.0
2020-08-26,7180.0
2020-08-27,7250.0
2020-08-28,7240.0
2020-08-31,7380.0
2020-09-01,7440.0
2020-09-02,7600.0
2020-09-03,7620.0
2020-09-04,7615.0
2020-09-07,7540.0
2020-09-08,7550.0
2020-09-09,7415.0
2020-09-10,7415.0
2020-09-11,7415.0
2020-09-14,7535.0
2020-09-15,7380.0
2020-09-16,7330.0
2020-09-17,7350.0
2020-09-18,7390.0
2020-09-21,7420.0
2020-09-22,7335.0
2020-09-23,7235.0
2020-09-24,7215.0
2020-09-25,7250.0
2020-09-28,7245.0
2020-09-29,7215.0
2020-09-30,7125.0
2020-10-09,7125.0
2020-10-12,7380.0
2020-10-13,7405.0
2020-10-14,7355.0
2020-10-15,7375.0
2020-10-16,7285.0
2020-10-19,7210.0
2020-10-20,7260.0
2020-10-21,7260.0
2020-10-22,7300.0
2020-10-23,7185.0
2020-10-26,7170.0
2020-10-27,7235.0
2020-10-28,7230.0
2020-10-29,7260.0
2020-10-30,7270.0
2020-11-02,7270.0
2020-11-03,7350.0
2020-11-04,7350.0
2020-11-05,7350.0
2020-11-06,7350.0
2020-11-09,7350.0
2020-11-10,7350.0
2020-11-11,7350.0
2020-11-12,7350.0
2020-11-13,7350.0
2020-11-16,7690.0
2020-11-17,7750.0
2020-11-18,7875.0
2020-11-19,7915.0
2020-11-20,7890.0
2020-11-23,7895.0
2020-11-24,8135.0
2020-11-25,8180.0
2020-11-26,8145.0
2020-11-27,8065.0
2020-11-30,8110.0
2020-12-01,8120.0
2020-12-02,8120.0
2020-12-03,8120.0
2020-12-04,8120.0
2020-12-07,8150.0
2020-12-08,8100.0
2020-12-09,8100.0
2020-12-10,8100.0
2020-12-11,8100.0
2020-12-14,8125.0
2020-12-15,7880.0
2020-12-16,7775.0
2020-12-17,7800.0
2020-12-18,7905.0
2020-12-21,7880.0
2020-12-22,7830.0
2020-12-23,7730.0
2020-12-24,7790.0
2020-12-25,7735.0
2020-12-28,7640.0
2020-12-29,7575.0
2020-12-30,7520.0
2020-12-31,7600.0
2021-01-04,7705.0
2021-01-05,7810.0
2021-01-06,7860.0
2021-01-07,7825.0
2021-01-08,7775.0
2021-01-11,7650.0
2021-01-12,7610.0
2021-01-13,7470.0
2021-01-14,7460.0
2021-01-15,7765.0
2021-01-18,7585.0
2021-01-19,7670.0
2021-01-20,7665.0
2021-01-21,7665.0
2021-01-22,7780.0
2021-01-25,7780.0
2021-01-26,7765.0
2021-01-27,7805.0
2021-01-28,7850.0
2021-01-29,7930.0
2021-02-01,7955.0
2021-02-02,7880.0
2021-02-03,7910.0
2021-02-04,7970.0
2021-02-05,7970.0
2021-02-08,7970.0
2021-02-09,7970.0
2021-02-10,7970.0
2021-02-18,7970.0
2021-02-19,7955.0
2021-02-22,8960.0
2021-02-23,8950.0
2021-02-24,8815.0
2021-02-25,8830.0
2021-02-26,8870.0
2021-03-01,8790.0
2021-03-02,8795.0
2021-03-03,8885.0
2021-03-04,8885.0
2021-03-05,8885.0
2021-03-08,9080.0
2021-03-09,8945.0
2021-03-10,8745.0
2021-03-11,8810.0
2021-03-12,8850.0
2021-03-15,9030.0
2021-03-16,9055.0
2021-03-17,8865.0
2021-03-18,8810.0
2021-03-19,8635.0
2021-03-22,8685.0
2021-03-23,8685.0
2021-03-24,8685.0
2021-03-25,8545.0
2021-03-26,8575.0
2021-03-29,8600.0
2021-03-30,8610.0
2021-03-31,8500.0
2021-04-01,8550.0
2021-04-02,8740.0
2021-04-06,8740.0
2021-04-07,8740.0
2021-04-08,8740.0
2021-04-09,8740.0
2021-04-12,8740.0
2021-04-13,8740.0
2021-04-14,8740.0
2021-04-15,8360.0
2021-04-16,8385.0
2021-04-19,8385.0
2021-04-20,8370.0
2021-04-21,8205.0
2021-04-22,8165.0
2021-04-23,8170.0
2021-04-26,8210.0
2021-04-27,8205.0
2021-04-28,8265.0
2021-04-29,8295.0
2021-04-30,8300.0
2021-05-06,8430.0
2021-05-07,8520.0
2021-05-10,8555.0
2021-05-11,8415.0
2021-05-12,8380.0
2021-05-13,8390.0
2021-05-14,8340.0
2021-05-17,8225.0
2021-05-18,8200.0
2021-05-19,8470.0
2021-05-20,7855.0
2021-05-21,7855.0
2021-05-24,7650.0
2021-05-25,7935.0
2021-05-26,7860.0
2021-05-27,7830.0
2021-05-28,7805.0
2021-05-31,7620.0
2021-06-01,7620.0
2021-06-02,7625.0
2021-06-03,7625.0
2021-06-04,7625.0
2021-06-07,7535.0
2021-06-08,7535.0
2021-06-09,7535.0
2021-06-10,7535.0
2021-06-11,7535.0
2021-06-15,7535.0
2021-06-16,7510.0
2021-06-17,7535.0
2021-06-18,7535.0
2021-06-21,7750.0
2021-06-22,7750.0
2021-06-23,7750.0
2021-06-24,7750.0
2021-06-25,7785.0
2021-06-28,8000.0
2021-06-29,8000.0
2021-06-30,8095.0
2021-07-01,8095.0
2021-07-02,8095.0
2021-07-05,8095.0
2021-07-06,8095.0
2021-07-07,8095.0
2021-07-08,8095.0
2021-07-09,8095.0
2021-07-12,8095.0
2021-07-13,8095.0
2021-07-14,8095.0
2021-07-15,8100.0
2021-07-16,8100.0
2021-07-19,8425.0
2021-07-20,8325.0
2021-07-21,8310.0
2021-07-22,8310.0
2021-07-23,8260.0
2021-07-26,8250.0
2021-07-27,8250.0
2021-07-28,8250.0
2021-07-29,8250.0
2021-07-30,8230.0
2021-08-02,8230.0
2021-08-03,8230.0
2021-08-04,8230.0
2021-08-05,8230.0
2021-08-06,8230.0
2021-08-09,8230.0
2021-08-10,8230.0
2021-08-11,8230.0
2021-08-12,8230.0
2021-08-13,8290.0
2021-08-16,8355.0
2021-08-17,8395.0
2021-08-18,8380.0
2021-08-19,8260.0
2021-08-20,8155.0
2021-08-23,8155.0
2021-08-24,8255.0
2021-08-25,8260.0
2021-08-26,8170.0
2021-08-27,8115.0
2021-08-30,8175.0
2021-08-31,8130.0
2021-09-01,8080.0
2021-09-02,8195.0
2021-09-03,8340.0
2021-09-06,8325.0
2021-09-07,8435.0
2021-09-08,8490.0
2021-09-09,8510.0
2021-09-10,8555.0
2021-09-13,8555.0
2021-09-14,8275.0
2021-09-15,8690.0
2021-09-16,8945.0
2021-09-17,8910.0
2021-09-22,8745.0
2021-09-23,8755.0
2021-09-24,8775.0
2021-09-27,9205.0
2021-09-28,9230.0
2021-09-29,9235.0
2021-09-30,9640.0
2021-10-08,9640.0
2021-10-11,9860.0
2021-10-12,9900.0
2021-10-13,9700.0
2021-10-14,9700.0
2021-10-15,9430.0
2021-10-18,9610.0
2021-10-19,9610.0
2021-10-20,9310.0
2021-10-21,9560.0
2021-10-22,9305.0
2021-10-25,9175.0
2021-10-26,9070.0
2021-10-27,9020.0
2021-10-28,8800.0
2021-10-29,8785.0
2021-11-01,8792.0
2021-11-02,8584.0
2021-11-03,8677.0
2021-11-04,8590.0
2021-11-05,8780.0
2021-11-08,8894.0
2021-11-09,8857.0
2021-11-10,8787.0
2021-11-11,8876.0
2021-11-12,8790.0
2021-11-15,8872.0
2021-11-16,8790.0
2021-11-17,8760.0
2021-11-18,8713.0
2021-11-19,8732.0
2021-11-22,8788.0
2021-11-23,8860.0
2021-11-24,8907.0
2021-11-25,8905.0
2021-11-26,8896.0
2021-11-29,8887.0
2021-11-30,8738.0
2021-12-01,8340.0
2021-12-02,8400.0
2021-12-03,8495.0
2021-12-06,8600.0
2021-12-07,8528.0
2021-12-08,8484.0
2021-12-09,8471.0
2021-12-10,8301.0
2021-12-13,8350.0
2021-12-14,8408.0
2021-12-15,8477.0
2021-12-16,8378.0
2021-12-17,8449.0
2021-12-20,8509.0
2021-12-21,8556.0
2021-12-22,8527.0
2021-12-23,8534.0
2021-12-24,8608.0
2021-12-27,8545.0
2021-12-28,8500.0
2021-12-29,8598.0
2021-12-30,8610.0
2021-12-31,8598.0
2022-01-04,8750.0
2022-01-05,8707.0
2022-01-06,8701.0
2022-01-07,8783.0
2022-01-10,8719.0
2022-01-11,8678.0
2022-01-12,8785.0
2022-01-13,8802.0
2022-01-14,8809.0
2022-01-17,8752.0
2022-01-18,8806.0
2022-01-19,8891.0
2022-01-20,8950.0
2022-01-21,8928.0
2022-01-24,8970.0
2022-01-25,8842.0
2022-01-26,8973.0
2022-01-27,9044.0
2022-01-28,9036.0
2022-02-07,9390.0
2022-02-08,9400.0
2022-02-09,9396.0
2022-02-10,9396.0
2022-02-11,9396.0
2022-02-14,9396.0
2022-02-15,8887.0
2022-02-16,8887.0
2022-02-17,8703.0
2022-02-18,8994.0
2022-02-21,8623.0
2022-02-22,8621.0
2022-02-23,8687.0
2022-02-24,8751.0
2022-02-25,8765.0
2022-02-28,8731.0
2022-03-01,8750.0
2022-03-02,9050.0
2022-03-03,9045.0
2022-03-04,9045.0
2022-03-07,9350.0
2022-03-08,9350.0
2022-03-09,9446.0
2022-03-10,9326.0
2022-03-11,9326.0
2022-03-14,9127.0
2022-03-15,8875.0
2022-03-16,8875.0
2022-03-17,8865.0
2022-03-18,8935.0
2022-03-21,8965.0
2022-03-22,8989.0
2022-03-23,8934.0
2022-03-24,9118.0
2022-03-25,9117.0
2022-03-28,9163.0
2022-03-29,9163.0
2022-03-30,9277.0
2022-03-31,9151.0
2022-04-01,9009.0
2022-04-06,9017.0
2022-04-07,9017.0
2022-04-08,8914.0
2022-04-11,8778.0
2022-04-12,8778.0
2022-04-13,8794.0
2022-04-14,8847.0
2022-04-15,8793.0
2022-04-18,8859.0
2022-04-19,9057.0
2022-04-20,8965.0
2022-04-21,8944.0
2022-04-22,8902.0
2022-04-25,8762.0
2022-04-26,8670.0
2022-04-27,8682.0
2022-04-28,8705.0
2022-04-29,8750.0
2022-05-05,8877.0
2022-05-06,8880.0
2022-05-09,8743.0
2022-05-10,8589.0
2022-05-11,8629.0
2022-05-12,8629.0
2022-05-13,8625.0
2022-05-16,8637.0
2022-05-17,8691.0
2022-05-18,8747.0
2022-05-19,8716.0
2022-05-20,8605.0
2022-05-23,8498.0
2022-05-24,8500.0
2022-05-25,8496.0
2022-05-26,8630.0
2022-05-27,8639.0
2022-05-30,8835.0
2022-05-31,8898.0
2022-06-01,8899.0
2022-06-02,8982.0
2022-06-06,9063.0
2022-06-07,9004.0
2022-06-08,9069.0
2022-06-09,9128.0
2022-06-10,9048.0
2022-06-13,8891.0
2022-06-14,8891.0
2022-06-15,8914.0
2022-06-16,8873.0
2022-06-17,8769.0
2022-06-20,8604.0
2022-06-21,8603.0
2022-06-22,8543.0
2022-06-23,8403.0
2022-06-24,8418.0
2022-06-27,8410.0
2022-06-28,8427.0
2022-06-29,8400.0
2022-06-30,8400.0
2022-07-01,8400.0
2022-07-04,8400.0
2022-07-05,8457.0
2022-07-06,8147.0
2022-07-07,8117.0
2022-07-08,8272.0
2022-07-11,8085.0
2022-07-12,7979.0
2022-07-13,7918.0
2022-07-14,8111.0
2022-07-15,7778.0
2022-07-18,7628.0
2022-07-19,7963.0
2022-07-20,7879.0
2022-07-21,7720.0
2022-07-22,7673.0
2022-07-25,7811.0
2022-07-26,7817.0
2022-07-27,7925.0
2022-07-28,7938.0
2022-07-29,8064.0
2022-08-01,8283.0
2022-08-02,8010.0
2022-08-03,8025.0
2022-08-04,7833.0
2022-08-05,7784.0
2022-08-08,7909.0
2022-08-09,7871.0
2022-08-10,7871.0
2022-08-11,7809.0
2022-08-12,8098.0
2022-08-15,7859.0
2022-08-16,7744.0
2022-08-17,7684.0
2022-08-18,7667.0
2022-08-19,7669.0
2022-08-22,7712.0
2022-08-23,7697.0
2022-08-24,7737.0
2022-08-25,7808.0
2022-08-26,7833.0
2022-08-29,7844.0
2022-08-30,7875.0
2022-08-31,7857.0
2022-09-01,7874.0
2022-09-02,7903.0
2022-09-05,8046.0
2022-09-06,8121.0
2022-09-07,8123.0
2022-09-08,8207.0
2022-09-09,8274.0
2022-09-13,8286.0
2022-09-14,8286.0
2022-09-15,7948.0
2022-09-16,8191.0
2022-09-19,8252.0
2022-09-20,8158.0
2022-09-21,8155.0
2022-09-22,8180.0
2022-09-23,8267.0
2022-09-26,8114.0
2022-09-27,8066.0
2022-09-28,8110.0
2022-09-29,8139.0
2022-09-30,8160.0
2022-10-10,8360.0
2022-10-11,8398.0
2022-10-12,8398.0
2022-10-13,8398.0
2022-10-14,8398.0
2022-10-17,8398.0
2022-10-18,8065.0
2022-10-19,8065.0
2022-10-20,8065.0
2022-10-21,8343.0
2022-10-24,7973.0
2022-10-25,7949.0
2022-10-26,7925.0
2022-10-27,7936.0
2022-10-28,7929.0
2022-10-31,7822.0
2022-11-01,7851.0
2022-11-02,7900.0
2022-11-03,7900.0
2022-11-04,7977.0
2022-11-07,7952.0
2022-11-08,7922.0
2022-11-09,7966.0
2022-11-10,7966.0
2022-11-11,7966.0
2022-11-14,7910.0
2022-11-15,7951.0
2022-11-16,8008.0
2022-11-17,8006.0
2022-11-18,8033.0
2022-11-21,7984.0
2022-11-22,7930.0
2022-11-23,7964.0
2022-11-24,8079.0
2022-11-25,8107.0
2022-11-28,8152.0
2022-11-29,8030.0
2022-11-30,8030.0
2022-12-01,8150.0
2022-12-02,8175.0
2022-12-05,8175.0
2022-12-06,8175.0
2022-12-07,8139.0
2022-12-08,8139.0
2022-12-09,8139.0
2022-12-12,8139.0
2022-12-13,8139.0
2022-12-14,8169.0
2022-12-15,8209.0
2022-12-16,8207.0
2022-12-19,8176.0
2022-12-20,8162.0
2022-12-21,8153.0
2022-12-22,8177.0
2022-12-23,8056.0
2022-12-26,8020.0
2022-12-27,8063.0
2022-12-28,8109.0
2022-12-29,8101.0
2022-12-30,8081.0
2023-01-03,8071.0
2023-01-04,8108.0
2023-01-05,8027.0
2023-01-06,8023.0
2023-01-09,8023.0
2023-01-10,8023.0
2023-01-11,7983.0
2023-01-12,8103.0
2023-01-13,8125.0
2023-01-16,8087.0
2023-01-17,8350.0
2023-01-18,8398.0
2023-01-19,8401.0
2023-01-20,8413.0
2023-01-30,8451.0
2023-01-31,8423.0
2023-02-01,8389.0
2023-02-02,8376.0
2023-02-03,8313.0
2023-02-06,8250.0
2023-02-07,8200.0
2023-02-08,8200.0
2023-02-09,8192.0
2023-02-10,8088.0
2023-02-13,8088.0
2023-02-14,8240.0
2023-02-15,8180.0
2023-02-16,8203.0
2023-02-17,8220.0
2023-02-20,8216.0
2023-02-21,8360.0
2023-02-22,8365.0
2023-02-23,8346.0
2023-02-24,8330.0
2023-02-27,8311.0
2023-02-28,8302.0
2023-03-01,8369.0
2023-03-02,8353.0
2023-03-03,8353.0
2023-03-06,8310.0
2023-03-07,8095.0
2023-03-08,8288.0
2023-03-09,8200.0
2023-03-10,8200.0
2023-03-13,8202.0
2023-03-14,8231.0
2023-03-15,8155.0
2023-03-16,8053.0
2023-03-17,8066.0
2023-03-20,8066.0
2023-03-21,8066.0
2023-03-22,8108.0
2023-03-23,8058.0
2023-03-24,8016.0
2023-03-27,8059.0
2023-03-28,8091.0
2023-03-29,8148.0
2023-03-30,8243.0
2023-03-31,8128.0
2023-04-03,8128.0
2023-04-04,8250.0
2023-04-06,8527.0
2023-04-07,8350.0
2023-04-10,8350.0
2023-04-11,8350.0
2023-04-12,8350.0
2023-04-13,8350.0
2023-04-14,8350.0
2023-04-17,8351.0
2023-04-18,8216.0
2023-04-19,8249.0
2023-04-20,8226.0
2023-04-21,8267.0
2023-04-24,8257.0
2023-04-25,8275.0
2023-04-26,8282.0
2023-04-27,8248.0
2023-04-28,8263.0
2023-05-04,8226.0
2023-05-05,8129.0
2023-05-08,8152.0
2023-05-09,8137.0
2023-05-10,8058.0
2023-05-11,8056.0
2023-05-12,7941.0
2023-05-15,7962.0
2023-05-16,7962.0
2023-05-17,8155.0
2023-05-18,7889.0
2023-05-19,7797.0
2023-05-22,7764.0
2023-05-23,7708.0
2023-05-24,7732.0
2023-05-25,7749.0
2023-05-26,7724.0
2023-05-29,7779.0
2023-05-30,7835.0
2023-05-31,7796.0
2023-06-01,7702.0
2023-06-02,7750.0
2023-06-05,7750.0
2023-06-06,7800.0
2023-06-07,7800.0
2023-06-08,7800.0
2023-06-09,7800.0
2023-06-12,7747.0
2023-06-13,7941.0
2023-06-14,7735.0
2023-06-15,7855.0
2023-06-16,7898.0
2023-06-19,7933.0
2023-06-20,7931.0
2023-06-21,7911.0
2023-06-26,7859.0
2023-06-27,7849.0
2023-06-28,7868.0
2023-06-29,7904.0
2023-06-30,7959.0
2023-07-03,7940.0
2023-07-04,7949.0
