DATE,PVC
2009-05-25,6495.0
2009-05-26,6480.0
2009-05-27,6495.0
2009-06-01,6555.0
2009-06-02,6560.0
2009-06-03,6580.0
2009-06-04,6550.0
2009-06-05,6640.0
2009-06-08,6920.0
2009-06-09,7030.0
2009-06-10,7025.0
2009-06-11,6980.0
2009-06-12,6890.0
2009-06-15,6840.0
2009-06-16,6850.0
2009-06-17,6935.0
2009-06-18,7005.0
2009-06-19,6940.0
2009-06-22,6865.0
2009-06-23,6750.0
2009-06-24,6755.0
2009-06-25,6820.0
2009-06-26,6860.0
2009-06-29,6815.0
2009-06-30,6860.0
2009-07-01,6845.0
2009-07-02,6850.0
2009-07-03,6835.0
2009-07-06,6900.0
2009-07-07,6905.0
2009-07-08,6875.0
2009-07-09,6840.0
2009-07-10,6925.0
2009-07-13,6875.0
2009-07-14,6855.0
2009-07-15,6910.0
2009-07-16,6945.0
2009-07-17,6980.0
2009-07-20,7020.0
2009-07-21,6930.0
2009-07-22,6905.0
2009-07-23,6880.0
2009-07-24,6905.0
2009-07-27,6975.0
2009-07-28,7070.0
2009-07-29,7060.0
2009-07-30,7170.0
2009-07-31,7425.0
2009-08-03,7505.0
2009-08-04,7360.0
2009-08-05,7370.0
2009-08-06,7465.0
2009-08-07,7440.0
2009-08-10,7460.0
2009-08-11,7630.0
2009-08-12,7690.0
2009-08-13,7700.0
2009-08-14,7515.0
2009-08-17,7240.0
2009-08-18,7155.0
2009-08-19,7020.0
2009-08-20,7005.0
2009-08-21,7055.0
2009-08-24,7195.0
2009-08-25,7090.0
2009-08-26,7055.0
2009-08-27,7040.0
2009-08-28,7055.0
2009-08-31,6945.0
2009-09-01,6845.0
2009-09-02,6750.0
2009-09-03,6750.0
2009-09-04,6820.0
2009-09-07,6825.0
2009-09-08,6740.0
2009-09-09,6760.0
2009-09-10,6780.0
2009-09-11,6760.0
2009-09-14,6735.0
2009-09-15,6700.0
2009-09-16,6665.0
2009-09-17,6670.0
2009-09-18,6655.0
2009-09-21,6610.0
2009-09-22,6610.0
2009-09-23,6595.0
2009-09-24,6505.0
2009-09-25,6390.0
2009-09-28,6185.0
2009-09-29,6210.0
2009-09-30,6255.0
2009-10-09,6330.0
2009-10-12,6455.0
2009-10-13,6395.0
2009-10-14,6425.0
2009-10-15,6485.0
2009-10-16,6455.0
2009-10-19,6550.0
2009-10-20,6600.0
2009-10-21,6385.0
2009-10-22,6450.0
2009-10-23,6585.0
2009-10-26,6630.0
2009-10-27,6635.0
2009-10-28,6665.0
2009-10-29,6505.0
2009-10-30,6540.0
2009-11-02,6450.0
2009-11-03,6480.0
2009-11-04,6480.0
2009-11-05,6470.0
2009-11-06,6505.0
2009-11-09,6500.0
2009-11-10,6575.0
2009-11-11,6750.0
2009-11-12,6790.0
2009-11-13,6710.0
2009-11-16,6970.0
2009-11-17,6980.0
2009-11-18,7035.0
2009-11-19,7025.0
2009-11-20,6945.0
2009-11-23,6955.0
2009-11-24,6975.0
2009-11-25,6995.0
2009-11-26,6955.0
2009-11-27,6800.0
2009-11-30,6800.0
2009-12-01,6780.0
2009-12-02,6875.0
2009-12-03,6895.0
2009-12-04,6975.0
2009-12-07,6975.0
2009-12-08,6980.0
2009-12-09,7240.0
2009-12-10,7165.0
2009-12-11,7140.0
2009-12-14,7015.0
2009-12-15,7335.0
2009-12-16,7350.0
2009-12-17,7440.0
2009-12-18,7325.0
2009-12-21,7295.0
2009-12-22,7240.0
2009-12-23,7285.0
2009-12-24,7335.0
2009-12-25,7355.0
2009-12-28,7340.0
2009-12-29,7345.0
2009-12-30,7410.0
2009-12-31,7395.0
2010-01-04,7410.0
2010-01-05,7475.0
2010-01-06,7485.0
2010-01-07,7355.0
2010-01-08,7290.0
2010-01-11,7325.0
2010-01-12,7295.0
2010-01-13,7185.0
2010-01-14,7195.0
2010-01-15,7295.0
2010-01-18,7235.0
2010-01-19,7235.0
2010-01-20,7210.0
2010-01-21,7190.0
2010-01-22,7130.0
2010-01-25,7160.0
2010-01-26,7155.0
2010-01-27,7120.0
2010-01-28,7030.0
2010-01-29,6965.0
2010-02-01,6885.0
2010-02-02,6890.0
2010-02-03,6910.0
2010-02-04,6985.0
2010-02-05,6960.0
2010-02-08,7045.0
2010-02-09,7040.0
2010-02-10,7045.0
2010-02-11,7040.0
2010-02-12,6970.0
2010-02-22,7270.0
2010-02-23,7295.0
2010-02-24,7280.0
2010-02-25,7275.0
2010-02-26,7220.0
2010-03-01,7240.0
2010-03-02,7145.0
2010-03-03,7110.0
2010-03-04,7115.0
2010-03-05,7070.0
2010-03-08,7105.0
2010-03-09,7130.0
2010-03-10,7130.0
2010-03-11,7130.0
2010-03-12,7160.0
2010-03-15,7380.0
2010-03-16,7370.0
2010-03-17,7370.0
2010-03-18,7440.0
2010-03-19,7440.0
2010-03-22,7530.0
2010-03-23,7530.0
2010-03-24,7500.0
2010-03-25,7500.0
2010-03-26,7500.0
2010-03-29,7500.0
2010-03-30,7500.0
2010-03-31,7500.0
2010-04-01,7500.0
2010-04-02,7500.0
2010-04-06,7365.0
2010-04-07,7365.0
2010-04-08,7405.0
2010-04-09,7405.0
2010-04-12,7405.0
2010-04-13,7405.0
2010-04-14,7475.0
2010-04-15,7405.0
2010-04-16,7615.0
2010-04-19,7555.0
2010-04-20,7550.0
2010-04-21,7550.0
2010-04-22,7495.0
2010-04-23,7490.0
2010-04-26,7510.0
2010-04-27,7410.0
2010-04-28,7350.0
2010-04-29,7360.0
2010-04-30,7350.0
2010-05-04,7305.0
2010-05-05,7310.0
2010-05-06,7335.0
2010-05-07,7340.0
2010-05-10,7330.0
2010-05-11,7315.0
2010-05-12,7265.0
2010-05-13,7220.0
2010-05-14,7205.0
2010-05-17,6990.0
2010-05-18,6945.0
2010-05-19,7160.0
2010-05-20,7170.0
2010-05-21,7170.0
2010-05-24,7170.0
2010-05-25,7095.0
2010-05-26,7065.0
2010-05-27,7130.0
2010-05-28,7160.0
2010-05-31,7205.0
2010-06-01,7200.0
2010-06-02,7115.0
2010-06-03,7140.0
2010-06-04,7145.0
2010-06-07,6980.0
2010-06-08,7000.0
2010-06-09,7075.0
2010-06-10,7095.0
2010-06-11,7100.0
2010-06-17,7120.0
2010-06-18,7120.0
2010-06-21,7155.0
2010-06-22,7195.0
2010-06-23,7005.0
2010-06-24,7005.0
2010-06-25,7005.0
2010-06-28,7250.0
2010-06-29,6955.0
2010-06-30,6955.0
2010-07-01,6930.0
2010-07-02,6930.0
2010-07-05,6930.0
2010-07-06,6930.0
2010-07-07,6930.0
2010-07-08,6930.0
2010-07-09,6930.0
2010-07-12,6930.0
2010-07-13,6800.0
2010-07-14,6775.0
2010-07-15,6740.0
2010-07-16,6725.0
2010-07-19,6725.0
2010-07-20,6725.0
2010-07-21,6725.0
2010-07-22,6880.0
2010-07-23,7015.0
2010-07-26,7010.0
2010-07-27,7015.0
2010-07-28,7010.0
2010-07-29,7040.0
2010-07-30,7050.0
2010-08-02,7145.0
2010-08-03,7200.0
2010-08-04,7200.0
2010-08-05,7200.0
2010-08-06,6990.0
2010-08-09,7100.0
2010-08-10,7100.0
2010-08-11,7100.0
2010-08-12,7100.0
2010-08-13,7095.0
2010-08-16,7195.0
2010-08-17,7225.0
2010-08-18,7220.0
2010-08-19,7235.0
2010-08-20,7195.0
2010-08-23,7170.0
2010-08-24,7125.0
2010-08-25,7200.0
2010-08-26,7230.0
2010-08-27,7240.0
2010-08-30,7275.0
2010-08-31,7245.0
2010-09-01,7255.0
2010-09-02,7300.0
2010-09-03,7320.0
2010-09-06,7410.0
2010-09-07,7430.0
2010-09-08,7475.0
2010-09-09,7450.0
2010-09-10,7465.0
2010-09-13,7520.0
2010-09-14,7460.0
2010-09-15,7865.0
2010-09-16,7865.0
2010-09-17,7865.0
2010-09-20,7865.0
2010-09-21,7865.0
2010-09-27,7865.0
2010-09-28,7865.0
2010-09-29,7865.0
2010-09-30,7865.0
2010-10-08,7865.0
2010-10-11,8020.0
2010-10-12,8100.0
2010-10-13,8150.0
2010-10-14,8150.0
2010-10-15,8150.0
2010-10-18,8150.0
2010-10-19,8150.0
2010-10-20,7800.0
2010-10-21,8050.0
2010-10-22,7850.0
2010-10-25,8095.0
2010-10-26,8235.0
2010-10-27,8155.0
2010-10-28,7920.0
2010-10-29,7860.0
2010-11-01,7880.0
2010-11-02,8100.0
2010-11-03,8240.0
2010-11-04,8295.0
2010-11-05,8295.0
2010-11-08,8425.0
2010-11-09,8425.0
2010-11-10,8500.0
2010-11-11,8500.0
2010-11-12,8240.0
2010-11-15,8300.0
2010-11-16,8300.0
2010-11-17,8300.0
2010-11-18,8300.0
2010-11-19,8300.0
2010-11-22,8300.0
2010-11-23,8300.0
2010-11-24,8300.0
2010-11-25,8600.0
2010-11-26,8600.0
2010-11-29,8600.0
2010-11-30,8470.0
2010-12-01,8470.0
2010-12-02,8470.0
2010-12-03,8470.0
2010-12-06,8470.0
2010-12-07,8470.0
2010-12-08,8470.0
2010-12-09,8470.0
2010-12-10,8470.0
2010-12-13,8470.0
2010-12-14,7965.0
2010-12-15,7915.0
2010-12-16,7900.0
2010-12-17,7910.0
2010-12-20,7955.0
2010-12-21,7945.0
2010-12-22,7895.0
2010-12-23,7895.0
2010-12-24,7945.0
2010-12-27,7965.0
2010-12-28,7920.0
2010-12-29,7890.0
2010-12-30,7830.0
2010-12-31,7820.0
2011-01-04,7930.0
2011-01-05,7930.0
2011-01-06,7935.0
2011-01-07,7800.0
2011-01-10,7800.0
2011-01-11,7800.0
2011-01-12,7850.0
2011-01-13,7850.0
2011-01-14,7700.0
2011-01-17,7895.0
2011-01-18,7895.0
2011-01-19,7895.0
2011-01-20,7805.0
2011-01-21,7805.0
2011-01-24,7805.0
2011-01-25,7995.0
2011-01-26,7605.0
2011-01-27,7830.0
2011-01-28,7710.0
2011-01-31,7710.0
2011-02-01,7710.0
2011-02-09,7710.0
2011-02-10,8000.0
2011-02-11,8100.0
2011-02-14,8100.0
2011-02-15,8100.0
2011-02-16,8100.0
2011-02-17,8100.0
2011-02-18,8245.0
2011-02-21,8260.0
2011-02-22,8055.0
2011-02-23,8135.0
2011-02-24,8105.0
2011-02-25,8105.0
2011-02-28,7950.0
2011-03-01,7950.0
2011-03-02,7900.0
2011-03-03,7900.0
2011-03-04,7900.0
2011-03-07,7900.0
2011-03-08,7900.0
2011-03-09,8250.0
2011-03-10,8250.0
2011-03-11,8250.0
2011-03-14,8030.0
2011-03-15,7915.0
2011-03-16,7915.0
2011-03-17,7970.0
2011-03-18,7825.0
2011-03-21,7825.0
2011-03-22,8085.0
2011-03-23,7845.0
2011-03-24,7845.0
2011-03-25,7845.0
2011-03-28,7845.0
2011-03-29,7845.0
2011-03-30,7675.0
2011-03-31,7955.0
2011-04-01,7955.0
2011-04-06,7955.0
2011-04-07,7955.0
2011-04-08,7955.0
2011-04-11,7955.0
2011-04-12,7955.0
2011-04-13,7955.0
2011-04-14,8200.0
2011-04-15,8200.0
2011-04-18,7885.0
2011-04-19,7825.0
2011-04-20,7840.0
2011-04-21,7925.0
2011-04-22,7985.0
2011-04-25,8035.0
2011-04-26,7985.0
2011-04-27,8025.0
2011-04-28,8110.0
2011-04-29,8140.0
2011-05-03,8155.0
2011-05-04,8120.0
2011-05-05,8075.0
2011-05-06,7965.0
2011-05-09,7990.0
2011-05-10,7975.0
2011-05-11,7865.0
2011-05-12,7795.0
2011-05-13,7850.0
2011-05-16,7880.0
2011-05-17,7880.0
2011-05-18,7900.0
2011-05-19,7900.0
2011-05-20,7900.0
2011-05-23,7745.0
2011-05-24,7640.0
2011-05-25,7590.0
2011-05-26,7630.0
2011-05-27,7670.0
2011-05-30,7830.0
2011-05-31,7830.0
2011-06-01,8050.0
2011-06-02,8050.0
2011-06-03,7905.0
2011-06-07,7905.0
2011-06-08,8075.0
2011-06-09,8075.0
2011-06-10,7950.0
2011-06-13,8020.0
2011-06-14,8020.0
2011-06-15,8010.0
2011-06-16,7990.0
2011-06-17,8000.0
2011-06-20,8000.0
2011-06-21,8000.0
2011-06-22,8000.0
2011-06-23,8000.0
2011-06-24,8000.0
2011-06-27,8000.0
2011-06-28,8000.0
2011-06-29,8000.0
2011-06-30,7740.0
2011-07-01,8170.0
2011-07-04,8170.0
2011-07-05,8170.0
2011-07-06,8170.0
2011-07-07,8170.0
2011-07-08,8170.0
2011-07-11,8170.0
2011-07-12,8170.0
2011-07-13,8170.0
2011-07-14,8170.0
2011-07-15,8060.0
2011-07-18,8060.0
2011-07-19,8060.0
2011-07-20,8060.0
2011-07-21,7800.0
2011-07-22,7900.0
2011-07-25,7900.0
2011-07-26,7900.0
2011-07-27,7900.0
2011-07-28,7940.0
2011-07-29,7950.0
2011-08-01,7950.0
2011-08-02,7950.0
2011-08-03,7950.0
2011-08-04,8050.0
2011-08-05,8050.0
2011-08-08,8050.0
2011-08-09,8050.0
2011-08-10,8050.0
2011-08-11,7570.0
2011-08-12,7930.0
2011-08-15,7650.0
2011-08-16,7660.0
2011-08-17,7655.0
2011-08-18,7645.0
2011-08-19,7560.0
2011-08-22,7550.0
2011-08-23,7555.0
2011-08-24,7575.0
2011-08-25,7575.0
2011-08-26,7600.0
2011-08-29,7600.0
2011-08-30,7640.0
2011-08-31,7615.0
2011-09-01,7605.0
2011-09-02,7605.0
2011-09-05,7550.0
2011-09-06,7555.0
2011-09-07,7555.0
2011-09-08,7550.0
2011-09-09,7490.0
2011-09-13,7445.0
2011-09-14,7460.0
2011-09-15,7505.0
2011-09-16,7580.0
2011-09-19,7300.0
2011-09-20,7200.0
2011-09-21,7200.0
2011-09-22,7200.0
2011-09-23,7200.0
2011-09-26,6905.0
2011-09-27,6905.0
2011-09-28,6905.0
2011-09-29,6905.0
2011-09-30,6885.0
2011-10-10,6405.0
2011-10-11,6405.0
2011-10-12,6405.0
2011-10-13,6405.0
2011-10-14,6405.0
2011-10-17,6405.0
2011-10-18,6405.0
2011-10-19,6405.0
2011-10-20,6405.0
2011-10-21,6405.0
2011-10-24,6260.0
2011-10-25,6260.0
2011-10-26,6260.0
2011-10-27,6260.0
2011-10-28,6260.0
2011-10-31,6260.0
2011-11-01,6260.0
2011-11-02,6260.0
2011-11-03,6260.0
2011-11-04,6260.0
2011-11-07,6260.0
2011-11-08,6260.0
2011-11-09,6260.0
2011-11-10,6260.0
2011-11-11,6260.0
2011-11-14,6260.0
2011-11-15,6530.0
2011-11-16,6400.0
2011-11-17,6400.0
2011-11-18,6495.0
2011-11-21,6485.0
2011-11-22,6485.0
2011-11-23,6485.0
2011-11-24,6485.0
2011-11-25,6485.0
2011-11-28,6495.0
2011-11-29,6495.0
2011-11-30,6270.0
2011-12-01,6600.0
2011-12-02,6600.0
2011-12-05,6600.0
2011-12-06,6600.0
2011-12-07,6600.0
2011-12-08,6600.0
2011-12-09,6600.0
2011-12-12,6600.0
2011-12-13,6600.0
2011-12-14,6600.0
2011-12-15,6555.0
2011-12-16,6535.0
2011-12-19,6500.0
2011-12-20,6530.0
2011-12-21,6560.0
2011-12-22,6550.0
2011-12-23,6570.0
2011-12-26,6540.0
2011-12-27,6530.0
2011-12-28,6535.0
2011-12-29,6475.0
2011-12-30,6535.0
2012-01-04,6545.0
2012-01-05,6555.0
2012-01-06,6550.0
2012-01-09,6605.0
2012-01-10,6530.0
2012-01-11,6530.0
2012-01-12,6550.0
2012-01-13,6530.0
2012-01-16,6470.0
2012-01-17,6595.0
2012-01-18,6595.0
2012-01-19,6595.0
2012-01-20,6595.0
2012-01-30,6635.0
2012-01-31,6665.0
2012-02-01,6650.0
2012-02-02,6650.0
2012-02-03,6665.0
2012-02-06,6705.0
2012-02-07,6705.0
2012-02-08,6705.0
2012-02-09,6705.0
2012-02-10,6705.0
2012-02-13,6705.0
2012-02-14,6680.0
2012-02-15,6505.0
2012-02-16,6415.0
2012-02-17,6415.0
2012-02-20,6415.0
2012-02-21,6450.0
2012-02-22,6450.0
2012-02-23,6450.0
2012-02-24,6450.0
2012-02-27,6450.0
2012-02-28,6450.0
2012-02-29,6410.0
2012-03-01,6410.0
2012-03-02,6410.0
2012-03-05,6260.0
2012-03-06,6260.0
2012-03-07,6260.0
2012-03-08,6260.0
2012-03-09,6260.0
2012-03-12,6260.0
2012-03-13,6260.0
2012-03-14,6515.0
2012-03-15,6840.0
2012-03-16,6825.0
2012-03-19,6825.0
2012-03-20,6825.0
2012-03-21,6825.0
2012-03-22,6825.0
2012-03-23,6825.0
2012-03-26,6815.0
2012-03-27,6815.0
2012-03-28,6735.0
2012-03-29,6735.0
2012-03-30,6555.0
2012-04-05,6555.0
2012-04-06,6555.0
2012-04-09,6650.0
2012-04-10,6650.0
2012-04-11,6650.0
2012-04-12,6650.0
2012-04-13,6650.0
2012-04-16,6650.0
2012-04-17,6710.0
2012-04-18,6715.0
2012-04-19,6710.0
2012-04-20,6730.0
2012-04-23,6725.0
2012-04-24,6695.0
2012-04-25,6680.0
2012-04-26,6685.0
2012-04-27,6685.0
2012-05-02,6705.0
2012-05-03,6680.0
2012-05-04,6650.0
2012-05-07,6610.0
2012-05-08,6625.0
2012-05-09,6595.0
2012-05-10,6695.0
2012-05-11,6535.0
2012-05-14,6475.0
2012-05-15,6540.0
2012-05-16,6580.0
2012-05-17,6580.0
2012-05-18,6445.0
2012-05-21,6455.0
2012-05-22,6460.0
2012-05-23,6405.0
2012-05-24,6425.0
2012-05-25,6425.0
2012-05-28,6420.0
2012-05-29,6420.0
2012-05-30,6400.0
2012-05-31,6420.0
2012-06-01,6420.0
2012-06-04,6200.0
2012-06-05,6200.0
2012-06-06,6200.0
2012-06-07,6200.0
2012-06-08,6200.0
2012-06-11,6200.0
2012-06-12,6200.0
2012-06-13,6200.0
2012-06-14,6200.0
2012-06-15,6395.0
2012-06-18,6395.0
2012-06-19,6370.0
2012-06-20,6400.0
2012-06-21,6400.0
2012-06-25,6400.0
2012-06-26,6400.0
2012-06-27,6400.0
2012-06-28,6295.0
2012-06-29,6250.0
2012-07-02,6250.0
2012-07-03,6250.0
2012-07-04,6250.0
2012-07-05,6250.0
2012-07-06,6250.0
2012-07-09,6250.0
2012-07-10,6355.0
2012-07-11,6355.0
2012-07-12,6355.0
2012-07-13,6355.0
2012-07-16,6455.0
2012-07-17,6455.0
2012-07-18,6350.0
2012-07-19,6485.0
2012-07-20,6485.0
2012-07-23,6485.0
2012-07-24,6485.0
2012-07-25,6485.0
2012-07-26,6485.0
2012-07-27,6350.0
2012-07-30,6345.0
2012-07-31,6345.0
2012-08-01,6345.0
2012-08-02,6345.0
2012-08-03,6345.0
2012-08-06,6345.0
2012-08-07,6345.0
2012-08-08,6345.0
2012-08-09,6345.0
2012-08-10,6345.0
2012-08-13,6345.0
2012-08-14,6345.0
2012-08-15,6360.0
2012-08-16,6385.0
2012-08-17,6405.0
2012-08-20,6405.0
2012-08-21,6390.0
2012-08-22,6395.0
2012-08-23,6415.0
2012-08-24,6455.0
2012-08-27,6510.0
2012-08-28,6440.0
2012-08-29,6445.0
2012-08-30,6395.0
2012-08-31,6390.0
2012-09-03,6420.0
2012-09-04,6435.0
2012-09-05,6425.0
2012-09-06,6420.0
2012-09-07,6430.0
2012-09-10,6435.0
2012-09-11,6435.0
2012-09-12,6435.0
2012-09-13,6485.0
2012-09-14,6430.0
2012-09-17,6595.0
2012-09-18,6610.0
2012-09-19,6635.0
2012-09-20,6600.0
2012-09-21,6610.0
2012-09-24,6795.0
2012-09-25,6785.0
2012-09-26,6785.0
2012-09-27,6515.0
2012-09-28,6515.0
2012-10-08,6515.0
2012-10-09,6515.0
2012-10-10,6515.0
2012-10-11,6515.0
2012-10-12,6515.0
2012-10-15,6515.0
2012-10-16,6515.0
2012-10-17,6515.0
2012-10-18,6460.0
2012-10-19,6460.0
2012-10-22,6460.0
2012-10-23,6460.0
2012-10-24,6460.0
2012-10-25,6460.0
2012-10-26,6460.0
2012-10-29,6460.0
2012-10-30,6460.0
2012-10-31,6460.0
2012-11-01,6460.0
2012-11-02,6460.0
2012-11-05,6460.0
2012-11-06,6460.0
2012-11-07,6460.0
2012-11-08,6460.0
2012-11-09,6460.0
2012-11-12,6460.0
2012-11-13,6460.0
2012-11-14,6460.0
2012-11-15,6700.0
2012-11-16,6700.0
2012-11-19,6700.0
2012-11-20,6700.0
2012-11-21,6700.0
2012-11-22,6700.0
2012-11-23,6700.0
2012-11-26,6700.0
2012-11-27,6700.0
2012-11-28,6360.0
2012-11-29,6360.0
2012-11-30,6360.0
2012-12-03,6360.0
2012-12-04,6360.0
2012-12-05,6360.0
2012-12-06,6360.0
2012-12-07,6360.0
2012-12-10,6360.0
2012-12-11,6360.0
2012-12-12,6360.0
2012-12-13,6360.0
2012-12-14,6360.0
2012-12-17,6410.0
2012-12-18,6400.0
2012-12-19,6400.0
2012-12-20,6360.0
2012-12-21,6350.0
2012-12-24,6335.0
2012-12-25,6360.0
2012-12-26,6355.0
2012-12-27,6345.0
2012-12-28,6345.0
2012-12-31,6345.0
2013-01-04,6355.0
2013-01-07,6420.0
2013-01-08,6355.0
2013-01-09,6410.0
2013-01-10,6375.0
2013-01-11,6390.0
2013-01-14,6390.0
2013-01-15,6390.0
2013-01-16,6330.0
2013-01-17,6330.0
2013-01-18,6330.0
2013-01-21,6330.0
2013-01-22,6330.0
2013-01-23,6330.0
2013-01-24,6330.0
2013-01-25,6330.0
2013-01-28,6330.0
2013-01-29,6340.0
2013-01-30,6340.0
2013-01-31,6340.0
2013-02-01,6455.0
2013-02-04,6455.0
2013-02-05,6455.0
2013-02-06,6455.0
2013-02-07,6455.0
2013-02-08,6455.0
2013-02-18,6570.0
2013-02-19,6435.0
2013-02-20,6490.0
2013-02-21,6490.0
2013-02-22,6490.0
2013-02-25,6490.0
2013-02-26,6320.0
2013-02-27,6320.0
2013-02-28,6070.0
2013-03-01,6070.0
2013-03-04,6350.0
2013-03-05,6580.0
2013-03-06,6580.0
2013-03-07,6580.0
2013-03-08,6580.0
2013-03-11,6580.0
2013-03-12,6280.0
2013-03-13,6235.0
2013-03-14,6270.0
2013-03-15,6410.0
2013-03-18,6410.0
2013-03-19,6410.0
2013-03-20,6555.0
2013-03-21,6555.0
2013-03-22,6555.0
2013-03-25,6555.0
2013-03-26,6360.0
2013-03-27,6360.0
2013-03-28,6360.0
2013-03-29,6340.0
2013-04-01,6195.0
2013-04-02,6375.0
2013-04-03,6375.0
2013-04-08,6375.0
2013-04-09,6445.0
2013-04-10,6445.0
2013-04-11,6445.0
2013-04-12,6445.0
2013-04-15,6070.0
2013-04-16,6405.0
2013-04-17,6410.0
2013-04-18,6390.0
2013-04-19,6425.0
2013-04-22,6430.0
2013-04-23,6430.0
2013-04-24,6420.0
2013-04-25,6420.0
2013-04-26,6365.0
2013-05-02,6345.0
2013-05-03,6400.0
2013-05-06,6435.0
2013-05-07,6450.0
2013-05-08,6500.0
2013-05-09,6520.0
2013-05-10,6515.0
2013-05-13,6525.0
2013-05-14,6515.0
2013-05-15,6475.0
2013-05-16,6505.0
2013-05-17,6505.0
2013-05-20,6505.0
2013-05-21,6505.0
2013-05-22,6505.0
2013-05-23,6505.0
2013-05-24,6505.0
2013-05-27,6505.0
2013-05-28,6505.0
2013-05-29,6505.0
2013-05-30,6505.0
2013-05-31,6505.0
2013-06-03,6505.0
2013-06-04,6505.0
2013-06-05,6505.0
2013-06-06,6505.0
2013-06-07,6505.0
2013-06-13,6505.0
2013-06-14,6505.0
2013-06-17,6505.0
2013-06-18,6550.0
2013-06-19,6550.0
2013-06-20,6550.0
2013-06-21,6550.0
2013-06-24,6550.0
2013-06-25,6550.0
2013-06-26,6550.0
2013-06-27,6550.0
2013-06-28,6550.0
2013-07-01,6550.0
2013-07-02,6550.0
2013-07-03,6550.0
2013-07-04,6550.0
2013-07-05,6550.0
2013-07-08,6550.0
2013-07-09,6550.0
2013-07-10,6600.0
2013-07-11,6600.0
2013-07-12,6600.0
2013-07-15,6645.0
2013-07-16,6645.0
2013-07-17,6645.0
2013-07-18,6645.0
2013-07-19,6645.0
2013-07-22,6645.0
2013-07-23,6645.0
2013-07-24,6670.0
2013-07-25,6670.0
2013-07-26,6670.0
2013-07-29,6670.0
2013-07-30,6670.0
2013-07-31,6670.0
2013-08-01,6670.0
2013-08-02,6670.0
2013-08-05,6670.0
2013-08-06,6670.0
2013-08-07,6670.0
2013-08-08,6670.0
2013-08-09,6670.0
2013-08-12,6670.0
2013-08-13,6670.0
2013-08-14,6670.0
2013-08-15,6680.0
2013-08-16,6705.0
2013-08-19,6685.0
2013-08-20,6610.0
2013-08-21,6645.0
2013-08-22,6645.0
2013-08-23,6645.0
2013-08-26,6645.0
2013-08-27,6600.0
2013-08-28,6655.0
2013-08-29,6635.0
2013-08-30,6660.0
2013-09-02,6665.0
2013-09-03,6580.0
2013-09-04,6585.0
2013-09-05,6570.0
2013-09-06,6560.0
2013-09-09,6560.0
2013-09-10,6560.0
2013-09-11,6560.0
2013-09-12,6570.0
2013-09-13,6600.0
2013-09-16,6585.0
2013-09-17,6585.0
2013-09-18,6585.0
2013-09-23,6585.0
2013-09-24,6585.0
2013-09-25,6485.0
2013-09-26,6485.0
2013-09-27,6485.0
2013-09-30,6485.0
2013-10-08,6485.0
2013-10-09,6485.0
2013-10-10,6485.0
2013-10-11,6485.0
2013-10-14,6485.0
2013-10-15,6485.0
2013-10-16,6485.0
2013-10-17,6485.0
2013-10-18,6500.0
2013-10-21,6500.0
2013-10-22,6500.0
2013-10-23,6500.0
2013-10-24,6500.0
2013-10-25,6500.0
2013-10-28,6500.0
2013-10-29,6500.0
2013-10-30,6500.0
2013-10-31,6500.0
2013-11-01,6500.0
2013-11-04,6500.0
2013-11-05,6500.0
2013-11-06,6500.0
2013-11-07,6500.0
2013-11-08,6500.0
2013-11-11,6500.0
2013-11-12,6500.0
2013-11-13,6500.0
2013-11-14,6500.0
2013-11-15,6250.0
2013-11-18,6250.0
2013-11-19,6250.0
2013-11-20,6250.0
2013-11-21,6250.0
2013-11-22,6265.0
2013-11-25,6265.0
2013-11-26,6265.0
2013-11-27,6265.0
2013-11-28,6265.0
2013-11-29,6265.0
2013-12-02,6265.0
2013-12-03,6265.0
2013-12-04,6265.0
2013-12-05,6265.0
2013-12-06,6265.0
2013-12-09,6265.0
2013-12-10,6265.0
2013-12-11,6265.0
2013-12-12,6265.0
2013-12-13,6265.0
2013-12-16,6245.0
2013-12-17,6265.0
2013-12-18,6285.0
2013-12-19,6265.0
2013-12-20,6270.0
2013-12-23,6255.0
2013-12-24,6250.0
2013-12-25,6265.0
2013-12-26,6265.0
2013-12-27,6265.0
2013-12-30,6270.0
2013-12-31,6230.0
2014-01-02,6310.0
2014-01-03,6300.0
2014-01-06,6280.0
2014-01-07,6275.0
2014-01-08,6330.0
2014-01-09,6330.0
2014-01-10,6255.0
2014-01-13,6255.0
2014-01-14,6250.0
2014-01-15,6295.0
2014-01-16,6360.0
2014-01-17,6360.0
2014-01-20,6360.0
2014-01-21,6360.0
2014-01-22,6360.0
2014-01-23,6360.0
2014-01-24,6360.0
2014-01-27,6360.0
2014-01-28,6360.0
2014-01-29,6425.0
2014-01-30,6425.0
2014-02-07,6425.0
2014-02-10,6425.0
2014-02-11,6425.0
2014-02-12,6425.0
2014-02-13,6425.0
2014-02-14,6425.0
2014-02-17,6320.0
2014-02-18,6320.0
2014-02-19,6320.0
2014-02-20,6320.0
2014-02-21,6320.0
2014-02-24,6320.0
2014-02-25,6320.0
2014-02-26,6320.0
2014-02-27,6320.0
2014-02-28,6070.0
2014-03-03,6070.0
2014-03-04,6070.0
2014-03-05,6070.0
2014-03-06,6070.0
2014-03-07,6070.0
2014-03-10,6070.0
2014-03-11,6070.0
2014-03-12,6070.0
2014-03-13,6070.0
2014-03-14,6070.0
2014-03-17,6255.0
2014-03-18,6255.0
2014-03-19,6255.0
2014-03-20,6255.0
2014-03-21,6255.0
2014-03-24,6140.0
2014-03-25,6090.0
2014-03-26,6090.0
2014-03-27,6090.0
2014-03-28,6200.0
2014-03-31,6200.0
2014-04-01,6570.0
2014-04-02,6570.0
2014-04-03,6570.0
2014-04-04,6570.0
2014-04-08,6570.0
2014-04-09,6950.0
2014-04-10,6950.0
2014-04-11,6950.0
2014-04-14,6950.0
2014-04-15,6140.0
2014-04-16,6140.0
2014-04-17,6145.0
2014-04-18,6035.0
2014-04-21,6015.0
2014-04-22,6020.0
2014-04-23,6025.0
2014-04-24,6045.0
2014-04-25,6050.0
2014-04-28,6025.0
2014-04-29,6010.0
2014-04-30,6020.0
2014-05-05,6060.0
2014-05-06,6050.0
2014-05-07,6010.0
2014-05-08,6050.0
2014-05-09,6005.0
2014-05-12,6005.0
2014-05-13,6025.0
2014-05-14,6015.0
2014-05-15,6040.0
2014-05-16,6045.0
2014-05-19,6020.0
2014-05-20,6020.0
2014-05-21,6020.0
2014-05-22,6020.0
2014-05-23,6020.0
2014-05-26,6020.0
2014-05-27,6020.0
2014-05-28,6020.0
2014-05-29,6020.0
2014-05-30,6020.0
2014-06-03,6020.0
2014-06-04,6380.0
2014-06-05,6380.0
2014-06-06,6380.0
2014-06-09,6380.0
2014-06-10,6380.0
2014-06-11,6380.0
2014-06-12,6380.0
2014-06-13,6380.0
2014-06-16,6380.0
2014-06-17,6390.0
2014-06-18,6390.0
2014-06-19,6390.0
2014-06-20,6390.0
2014-06-23,6390.0
2014-06-24,6390.0
2014-06-25,6390.0
2014-06-26,6390.0
2014-06-27,6210.0
2014-06-30,6210.0
2014-07-01,6210.0
2014-07-02,6210.0
2014-07-03,6210.0
2014-07-04,6210.0
2014-07-07,6210.0
2014-07-08,6210.0
2014-07-09,6210.0
2014-07-10,6210.0
2014-07-11,6210.0
2014-07-14,6210.0
2014-07-15,6150.0
2014-07-16,6150.0
2014-07-17,6150.0
2014-07-18,6150.0
2014-07-21,6150.0
2014-07-22,6150.0
2014-07-23,6150.0
2014-07-24,6150.0
2014-07-25,6150.0
2014-07-28,6150.0
2014-07-29,6150.0
2014-07-30,6150.0
2014-07-31,6150.0
2014-08-01,6150.0
2014-08-04,6150.0
2014-08-05,6150.0
2014-08-06,6150.0
2014-08-07,6150.0
2014-08-08,6515.0
2014-08-11,6515.0
2014-08-12,6515.0
2014-08-13,6515.0
2014-08-14,6515.0
2014-08-15,6035.0
2014-08-18,6050.0
2014-08-19,6060.0
2014-08-20,6055.0
2014-08-21,6055.0
2014-08-22,6060.0
2014-08-25,6060.0
2014-08-26,6060.0
2014-08-27,6075.0
2014-08-28,6060.0
2014-08-29,5990.0
2014-09-01,6025.0
2014-09-02,6095.0
2014-09-03,6095.0
2014-09-04,6095.0
2014-09-05,6095.0
2014-09-09,6095.0
2014-09-10,6095.0
2014-09-11,6095.0
2014-09-12,6095.0
2014-09-15,6095.0
2014-09-16,6075.0
2014-09-17,6075.0
2014-09-18,6075.0
2014-09-19,6075.0
2014-09-22,6075.0
2014-09-23,6075.0
2014-09-24,6075.0
2014-09-25,6075.0
2014-09-26,6075.0
2014-09-29,6075.0
2014-09-30,6075.0
2014-10-08,6075.0
2014-10-09,6075.0
2014-10-10,6075.0
2014-10-13,6075.0
2014-10-14,6075.0
2014-10-15,6075.0
2014-10-16,6075.0
2014-10-17,6075.0
2014-10-20,6030.0
2014-10-21,6030.0
2014-10-22,6030.0
2014-10-23,6030.0
2014-10-24,6030.0
2014-10-27,6030.0
2014-10-28,6030.0
2014-10-29,6030.0
2014-10-30,6030.0
2014-10-31,6030.0
2014-11-03,6030.0
2014-11-04,6030.0
2014-11-05,6030.0
2014-11-06,6030.0
2014-11-07,6030.0
2014-11-10,6030.0
2014-11-11,6030.0
2014-11-12,6030.0
2014-11-13,6030.0
2014-11-14,6030.0
2014-11-17,6060.0
2014-11-18,6300.0
2014-11-19,6620.0
2014-11-20,6360.0
2014-11-21,6360.0
2014-11-24,6360.0
2014-11-25,6130.0
2014-11-26,6130.0
2014-11-27,6130.0
2014-11-28,6130.0
2014-12-01,6130.0
2014-12-02,6130.0
2014-12-03,6130.0
2014-12-04,6130.0
2014-12-05,6200.0
2014-12-08,6200.0
2014-12-09,6200.0
2014-12-10,6200.0
2014-12-11,6200.0
2014-12-12,6200.0
2014-12-15,5805.0
2014-12-16,5805.0
2014-12-17,5805.0
2014-12-18,5845.0
2014-12-19,5780.0
2014-12-22,5745.0
2014-12-23,5725.0
2014-12-24,5745.0
2014-12-25,5745.0
2014-12-26,5785.0
2014-12-29,5785.0
2014-12-30,5760.0
2014-12-31,5620.0
2015-01-05,5745.0
2015-01-06,5745.0
2015-01-07,5655.0
2015-01-08,5640.0
2015-01-09,5505.0
2015-01-12,5465.0
2015-01-13,5465.0
2015-01-14,5415.0
2015-01-19,5730.0
2015-01-20,5730.0
2015-01-21,5730.0
2015-01-22,5730.0
2015-01-23,5730.0
2015-01-26,5730.0
2015-01-27,5730.0
2015-01-28,5730.0
2015-01-29,5730.0
2015-01-30,5730.0
2015-02-02,5730.0
2015-02-03,5730.0
2015-02-04,5730.0
2015-02-05,5730.0
2015-02-06,5730.0
2015-02-09,5730.0
2015-02-10,5730.0
2015-02-11,5730.0
2015-02-12,5730.0
2015-02-13,5730.0
2015-02-16,4990.0
2015-02-17,4990.0
2015-02-25,4990.0
2015-02-26,4990.0
2015-02-27,4990.0
2015-03-02,4990.0
2015-03-03,4990.0
2015-03-04,4990.0
2015-03-05,4990.0
2015-03-06,4990.0
2015-03-09,4990.0
2015-03-10,4990.0
2015-03-11,4990.0
2015-03-12,4990.0
2015-03-13,4990.0
2015-03-16,4795.0
2015-03-17,4795.0
2015-03-18,4795.0
2015-03-19,4795.0
2015-03-20,4795.0
2015-03-23,4795.0
2015-03-24,4795.0
2015-03-25,4795.0
2015-03-26,4795.0
2015-03-27,4795.0
2015-03-30,4985.0
2015-03-31,5280.0
2015-04-01,5280.0
2015-04-02,5280.0
2015-04-03,5280.0
2015-04-07,5280.0
2015-04-08,5595.0
2015-04-09,5925.0
2015-04-10,5925.0
2015-04-13,5925.0
2015-04-14,5925.0
2015-04-15,5925.0
2015-04-16,5760.0
2015-04-17,5745.0
2015-04-20,5705.0
2015-04-21,5665.0
2015-04-22,5685.0
2015-04-23,5680.0
2015-04-24,5710.0
2015-04-27,5745.0
2015-04-28,5765.0
2015-04-29,5825.0
2015-04-30,5830.0
2015-05-04,5860.0
2015-05-05,5860.0
2015-05-06,5860.0
2015-05-07,5850.0
2015-05-08,5850.0
2015-05-11,5850.0
2015-05-12,5900.0
2015-05-13,5900.0
2015-05-14,5900.0
2015-05-15,5860.0
2015-05-18,5775.0
2015-05-19,5775.0
2015-05-20,5775.0
2015-05-21,5775.0
2015-05-22,5775.0
2015-05-25,5775.0
2015-05-26,5775.0
2015-05-27,5775.0
2015-05-28,5775.0
2015-05-29,5775.0
2015-06-01,5775.0
2015-06-02,5775.0
2015-06-03,5775.0
2015-06-04,5775.0
2015-06-05,5775.0
2015-06-08,5775.0
2015-06-09,5775.0
2015-06-10,5775.0
2015-06-11,5775.0
2015-06-12,5775.0
2015-06-15,5635.0
2015-06-16,5635.0
2015-06-17,5635.0
2015-06-18,5635.0
2015-06-19,5635.0
2015-06-23,5635.0
2015-06-24,5635.0
2015-06-25,5635.0
2015-06-26,5635.0
2015-06-29,5635.0
2015-06-30,5635.0
2015-07-01,5635.0
2015-07-02,5635.0
2015-07-03,5635.0
2015-07-06,5635.0
2015-07-07,5635.0
2015-07-08,5635.0
2015-07-09,5635.0
2015-07-10,5635.0
2015-07-13,5635.0
2015-07-14,5635.0
2015-07-15,5780.0
2015-07-16,5780.0
2015-07-17,5780.0
2015-07-20,5780.0
2015-07-21,5780.0
2015-07-22,5780.0
2015-07-23,5780.0
2015-07-24,5780.0
2015-07-27,5780.0
2015-07-28,5780.0
2015-07-29,5780.0
2015-07-30,5780.0
2015-07-31,5780.0
2015-08-03,5780.0
2015-08-04,5780.0
2015-08-05,5780.0
2015-08-06,5780.0
2015-08-07,5780.0
2015-08-10,5780.0
2015-08-11,5780.0
2015-08-12,5780.0
2015-08-13,5780.0
2015-08-14,5780.0
2015-08-17,5405.0
2015-08-18,5400.0
2015-08-19,5405.0
2015-08-20,5400.0
2015-08-21,5400.0
2015-08-24,5360.0
2015-08-25,5385.0
2015-08-26,5375.0
2015-08-27,5360.0
2015-08-28,5345.0
2015-08-31,5310.0
2015-09-01,5330.0
2015-09-02,5170.0
2015-09-07,5170.0
2015-09-08,5170.0
2015-09-09,5170.0
2015-09-10,5170.0
2015-09-11,5050.0
2015-09-14,5050.0
2015-09-15,5050.0
2015-09-16,5165.0
2015-09-17,5295.0
2015-09-18,5295.0
2015-09-21,5295.0
2015-09-22,5295.0
2015-09-23,5295.0
2015-09-24,5295.0
2015-09-25,5295.0
2015-09-28,5295.0
2015-09-29,5295.0
2015-09-30,5295.0
2015-10-08,5295.0
2015-10-09,5295.0
2015-10-12,5295.0
2015-10-13,5295.0
2015-10-14,5295.0
2015-10-15,5295.0
2015-10-16,5295.0
2015-10-19,5295.0
2015-10-20,5295.0
2015-10-21,5295.0
2015-10-22,5400.0
2015-10-23,5400.0
2015-10-26,5400.0
2015-10-27,5400.0
2015-10-28,5400.0
2015-10-29,5400.0
2015-10-30,5400.0
2015-11-02,5400.0
2015-11-03,5400.0
2015-11-04,5400.0
2015-11-05,5400.0
2015-11-06,5400.0
2015-11-09,5400.0
2015-11-10,5400.0
2015-11-11,5400.0
2015-11-12,5400.0
2015-11-13,5400.0
2015-11-16,5285.0
2015-11-17,5285.0
2015-11-18,5285.0
2015-11-19,5285.0
2015-11-20,5285.0
2015-11-23,5285.0
2015-11-24,5285.0
2015-11-25,5285.0
2015-11-26,5285.0
2015-11-27,5285.0
2015-11-30,5285.0
2015-12-01,5285.0
2015-12-02,5285.0
2015-12-03,5285.0
2015-12-04,5285.0
2015-12-07,5285.0
2015-12-08,5285.0
2015-12-09,5285.0
2015-12-10,5285.0
2015-12-11,5285.0
2015-12-14,5285.0
2015-12-15,4620.0
2015-12-16,4630.0
2015-12-17,4630.0
2015-12-18,4655.0
2015-12-21,4710.0
2015-12-22,4770.0
2015-12-23,4735.0
2015-12-24,4815.0
2015-12-25,4860.0
2015-12-28,4850.0
2015-12-29,4825.0
2015-12-30,4875.0
2015-12-31,4890.0
2016-01-04,4875.0
2016-01-05,4900.0
2016-01-06,4850.0
2016-01-07,4860.0
2016-01-08,4860.0
2016-01-11,4785.0
2016-01-12,4700.0
2016-01-13,4750.0
2016-01-14,4740.0
2016-01-15,4830.0
2016-01-18,5040.0
2016-01-19,5040.0
2016-01-20,5040.0
2016-01-21,5040.0
2016-01-22,5040.0
2016-01-25,5040.0
2016-01-26,5040.0
2016-01-27,5040.0
2016-01-28,5040.0
2016-01-29,4910.0
2016-02-01,4620.0
2016-02-02,4345.0
2016-02-03,4345.0
2016-02-04,4345.0
2016-02-05,4345.0
2016-02-22,4560.0
2016-02-23,4560.0
2016-02-24,4560.0
2016-02-25,4560.0
2016-02-26,4560.0
2016-02-29,4560.0
2016-03-01,4560.0
2016-03-02,4560.0
2016-03-03,4560.0
2016-03-04,4560.0
2016-03-07,4560.0
2016-03-08,4560.0
2016-03-09,4560.0
2016-03-10,4560.0
2016-03-11,4560.0
2016-03-14,4560.0
2016-03-15,5280.0
2016-03-16,5280.0
2016-03-17,5280.0
2016-03-18,5490.0
2016-03-21,5490.0
2016-03-22,5490.0
2016-03-23,5490.0
2016-03-24,5490.0
2016-03-25,5490.0
2016-03-28,5490.0
2016-03-29,5490.0
2016-03-30,5490.0
2016-03-31,5490.0
2016-04-01,5490.0
2016-04-05,5490.0
2016-04-06,5490.0
2016-04-07,5490.0
2016-04-08,5490.0
2016-04-11,5490.0
2016-04-12,5490.0
2016-04-13,5490.0
2016-04-14,5490.0
2016-04-15,5265.0
2016-04-18,5265.0
2016-04-19,5270.0
2016-04-20,5280.0
2016-04-21,5380.0
2016-04-22,5335.0
2016-04-25,5395.0
2016-04-26,5470.0
2016-04-27,5380.0
2016-04-28,5505.0
2016-04-29,5495.0
2016-05-03,5495.0
2016-05-04,5495.0
2016-05-05,5500.0
2016-05-06,5500.0
2016-05-09,5470.0
2016-05-10,5470.0
2016-05-11,5470.0
2016-05-12,5530.0
2016-05-13,5530.0
2016-05-16,5505.0
2016-05-17,5355.0
2016-05-18,5355.0
2016-05-19,5325.0
2016-05-20,5325.0
2016-05-23,5325.0
2016-05-24,5325.0
2016-05-25,5325.0
2016-05-26,5325.0
2016-05-27,5325.0
2016-05-30,5325.0
2016-05-31,5325.0
2016-06-01,5640.0
2016-06-02,5640.0
2016-06-03,5640.0
2016-06-06,5640.0
2016-06-07,5640.0
2016-06-08,5640.0
2016-06-13,5640.0
2016-06-14,5640.0
2016-06-15,5640.0
2016-06-16,5640.0
2016-06-17,5405.0
2016-06-20,5275.0
2016-06-21,5275.0
2016-06-22,5275.0
2016-06-23,5275.0
2016-06-24,5275.0
2016-06-27,5275.0
2016-06-28,5275.0
2016-06-29,5275.0
2016-06-30,5275.0
2016-07-01,5275.0
2016-07-04,5275.0
2016-07-05,5275.0
2016-07-06,5275.0
2016-07-07,5275.0
2016-07-08,5275.0
2016-07-11,5275.0
2016-07-12,5275.0
2016-07-13,5275.0
2016-07-14,5275.0
2016-07-15,5700.0
2016-07-18,5860.0
2016-07-19,5860.0
2016-07-20,5600.0
2016-07-21,5600.0
2016-07-22,5875.0
2016-07-25,5940.0
2016-07-26,5940.0
2016-07-27,5940.0
2016-07-28,5940.0
2016-07-29,5940.0
2016-08-01,5940.0
2016-08-02,5940.0
2016-08-03,5940.0
2016-08-04,5940.0
2016-08-05,5940.0
2016-08-08,5940.0
2016-08-09,5940.0
2016-08-10,5940.0
2016-08-11,5940.0
2016-08-12,5940.0
2016-08-15,5975.0
2016-08-16,5945.0
2016-08-17,5915.0
2016-08-18,5855.0
2016-08-19,5835.0
2016-08-22,5865.0
2016-08-23,5880.0
2016-08-24,5855.0
2016-08-25,5795.0
2016-08-26,5840.0
2016-08-29,5800.0
2016-08-30,5760.0
2016-08-31,5760.0
2016-09-01,5805.0
2016-09-02,5800.0
2016-09-05,5800.0
2016-09-06,5800.0
2016-09-07,5895.0
2016-09-08,5945.0
2016-09-09,5990.0
2016-09-12,6055.0
2016-09-13,6175.0
2016-09-14,5890.0
2016-09-19,5910.0
2016-09-20,5910.0
2016-09-21,5910.0
2016-09-22,5910.0
2016-09-23,5910.0
2016-09-26,5910.0
2016-09-27,5910.0
2016-09-28,5910.0
2016-09-29,5910.0
2016-09-30,5910.0
2016-10-10,5910.0
2016-10-11,5910.0
2016-10-12,5910.0
2016-10-13,5910.0
2016-10-14,5910.0
2016-10-17,5910.0
2016-10-18,5910.0
2016-10-19,5910.0
2016-10-20,5910.0
2016-10-21,5910.0
2016-10-24,5535.0
2016-10-25,5535.0
2016-10-26,5535.0
2016-10-27,5535.0
2016-10-28,5535.0
2016-10-31,5535.0
2016-11-01,5535.0
2016-11-02,5535.0
2016-11-03,5535.0
2016-11-04,5535.0
2016-11-07,5535.0
2016-11-08,5535.0
2016-11-09,5535.0
2016-11-10,5535.0
2016-11-11,5535.0
2016-11-14,5535.0
2016-11-15,7320.0
2016-11-16,7685.0
2016-11-17,7745.0
2016-11-18,7695.0
2016-11-21,7695.0
2016-11-22,7335.0
2016-11-23,7335.0
2016-11-24,7450.0
2016-11-25,7150.0
2016-11-28,7095.0
2016-11-29,7210.0
2016-11-30,7150.0
2016-12-01,7150.0
2016-12-02,7150.0
2016-12-05,7150.0
2016-12-06,7150.0
2016-12-07,7150.0
2016-12-08,7150.0
2016-12-09,7150.0
2016-12-12,7150.0
2016-12-13,7150.0
2016-12-14,7150.0
2016-12-15,6925.0
2016-12-16,6745.0
2016-12-19,6480.0
2016-12-20,6250.0
2016-12-21,6235.0
2016-12-22,6290.0
2016-12-23,6330.0
2016-12-26,6255.0
2016-12-27,6270.0
2016-12-28,6260.0
2016-12-29,6235.0
2016-12-30,6180.0
2017-01-03,6090.0
2017-01-04,6100.0
2017-01-05,6095.0
2017-01-06,6095.0
2017-01-09,6195.0
2017-01-10,6180.0
2017-01-11,6180.0
2017-01-12,6200.0
2017-01-13,6465.0
2017-01-16,6150.0
2017-01-17,6400.0
2017-01-18,6395.0
2017-01-19,6080.0
2017-01-20,5780.0
2017-01-23,5780.0
2017-01-24,5780.0
2017-01-25,5780.0
2017-01-26,5780.0
2017-02-03,5780.0
2017-02-06,5780.0
2017-02-07,5780.0
2017-02-08,5780.0
2017-02-09,5780.0
2017-02-10,5780.0
2017-02-13,6100.0
2017-02-14,6100.0
2017-02-15,6100.0
2017-02-16,6100.0
2017-02-20,6315.0
2017-02-21,6315.0
2017-02-22,6315.0
2017-02-23,6315.0
2017-02-24,6315.0
2017-02-27,6315.0
2017-02-28,6630.0
2017-03-01,6235.0
2017-03-02,5675.0
2017-03-03,5055.0
2017-03-06,5355.0
2017-03-07,5835.0
2017-03-08,5835.0
2017-03-09,5835.0
2017-03-10,5835.0
2017-03-13,5835.0
2017-03-14,5150.0
2017-03-15,6365.0
2017-03-16,6670.0
2017-03-17,6670.0
2017-03-20,6670.0
2017-03-21,6670.0
2017-03-22,6670.0
2017-03-23,6670.0
2017-03-24,6670.0
2017-03-27,6670.0
2017-03-28,6670.0
2017-03-29,7000.0
2017-03-30,6850.0
2017-03-31,6850.0
2017-04-05,6850.0
2017-04-06,6850.0
2017-04-07,6850.0
2017-04-10,6850.0
2017-04-11,6850.0
2017-04-12,6850.0
2017-04-13,6850.0
2017-04-14,6850.0
2017-04-17,6850.0
2017-04-18,5645.0
2017-04-19,5525.0
2017-04-20,5520.0
2017-04-21,5605.0
2017-04-24,5530.0
2017-04-25,5505.0
2017-04-26,5475.0
2017-04-27,5525.0
2017-04-28,5705.0
2017-05-02,5700.0
2017-05-03,5720.0
2017-05-04,5500.0
2017-05-05,5470.0
2017-05-08,5515.0
2017-05-09,5575.0
2017-05-10,5650.0
2017-05-11,5600.0
2017-05-12,5560.0
2017-05-15,5640.0
2017-05-16,5675.0
2017-05-17,5675.0
2017-05-18,5675.0
2017-05-19,5675.0
2017-05-22,5675.0
2017-05-23,5675.0
2017-05-24,5675.0
2017-05-25,5675.0
2017-05-26,5675.0
2017-05-31,5675.0
2017-06-01,5675.0
2017-06-02,5675.0
2017-06-05,5675.0
2017-06-06,5675.0
2017-06-07,5675.0
2017-06-08,5675.0
2017-06-09,5675.0
2017-06-12,5675.0
2017-06-13,5675.0
2017-06-14,5675.0
2017-06-15,5820.0
2017-06-16,5820.0
2017-06-19,5820.0
2017-06-20,5820.0
2017-06-21,5820.0
2017-06-22,5820.0
2017-06-23,5820.0
2017-06-26,5820.0
2017-06-27,5820.0
2017-06-28,5820.0
2017-06-29,5820.0
2017-06-30,5820.0
2017-07-03,5820.0
2017-07-04,5820.0
2017-07-05,5820.0
2017-07-06,5820.0
2017-07-07,5820.0
2017-07-10,5820.0
2017-07-11,5820.0
2017-07-12,5820.0
2017-07-13,5820.0
2017-07-14,5820.0
2017-07-17,6860.0
2017-07-18,6860.0
2017-07-19,6860.0
2017-07-20,6860.0
2017-07-21,6860.0
2017-07-24,6860.0
2017-07-25,6860.0
2017-07-26,6860.0
2017-07-27,7200.0
2017-07-28,7200.0
2017-07-31,7200.0
2017-08-01,7200.0
2017-08-02,7200.0
2017-08-03,7200.0
2017-08-04,7200.0
2017-08-07,7200.0
2017-08-08,7200.0
2017-08-09,7200.0
2017-08-10,7200.0
2017-08-11,7200.0
2017-08-14,7200.0
2017-08-15,7250.0
2017-08-16,7190.0
2017-08-17,7295.0
2017-08-18,7405.0
2017-08-21,7475.0
2017-08-22,7490.0
2017-08-23,7425.0
2017-08-24,7495.0
2017-08-25,7545.0
2017-08-28,7575.0
2017-08-29,7620.0
2017-08-30,7540.0
2017-08-31,7545.0
2017-09-01,7580.0
2017-09-04,7625.0
2017-09-05,7695.0
2017-09-06,7740.0
2017-09-07,7655.0
2017-09-08,7625.0
2017-09-11,7435.0
2017-09-12,7505.0
2017-09-13,7205.0
2017-09-14,7610.0
2017-09-15,7245.0
2017-09-18,7100.0
2017-09-19,7100.0
2017-09-20,7095.0
2017-09-21,7095.0
2017-09-22,7095.0
2017-09-25,7095.0
2017-09-26,7095.0
2017-09-27,7095.0
2017-09-28,7095.0
2017-09-29,7095.0
2017-10-09,7095.0
2017-10-10,7095.0
2017-10-11,7095.0
2017-10-12,7095.0
2017-10-13,7095.0
2017-10-16,7095.0
2017-10-17,7095.0
2017-10-18,7095.0
2017-10-19,7095.0
2017-10-20,6685.0
2017-10-23,6890.0
2017-10-24,6560.0
2017-10-25,6560.0
2017-10-26,6560.0
2017-10-27,6560.0
2017-10-30,6560.0
2017-10-31,6560.0
2017-11-01,6560.0
2017-11-02,6560.0
2017-11-03,6560.0
2017-11-06,6560.0
2017-11-07,6560.0
2017-11-08,6560.0
2017-11-09,6560.0
2017-11-10,6560.0
2017-11-13,6560.0
2017-11-14,6560.0
2017-11-15,6545.0
2017-11-16,6545.0
2017-11-17,6545.0
2017-11-20,6545.0
2017-11-21,6545.0
2017-11-22,6545.0
2017-11-23,6545.0
2017-11-24,6545.0
2017-11-27,6545.0
2017-11-28,6545.0
2017-11-29,6545.0
2017-11-30,6220.0
2017-12-01,6220.0
2017-12-04,6220.0
2017-12-05,6220.0
2017-12-06,6220.0
2017-12-07,6220.0
2017-12-08,6220.0
2017-12-11,6220.0
2017-12-12,6220.0
2017-12-13,6220.0
2017-12-14,6220.0
2017-12-15,6535.0
2017-12-18,6595.0
2017-12-19,6630.0
2017-12-20,6640.0
2017-12-21,6535.0
2017-12-22,6480.0
2017-12-25,6480.0
2017-12-26,6505.0
2017-12-27,6535.0
2017-12-28,6470.0
2017-12-29,6485.0
2018-01-02,6620.0
2018-01-03,6600.0
2018-01-04,6575.0
2018-01-05,6650.0
2018-01-08,6800.0
2018-01-09,6600.0
2018-01-10,6650.0
2018-01-11,6610.0
2018-01-12,6575.0
2018-01-15,6620.0
2018-01-16,6725.0
2018-01-17,6725.0
2018-01-18,7060.0
2018-01-19,7060.0
2018-01-22,7060.0
2018-01-23,7100.0
2018-01-24,7100.0
2018-01-25,7100.0
2018-01-26,7100.0
2018-01-29,7455.0
2018-01-30,7710.0
2018-01-31,7710.0
2018-02-01,7710.0
2018-02-02,7710.0
2018-02-05,7710.0
2018-02-06,7710.0
2018-02-07,7710.0
2018-02-08,7710.0
2018-02-09,7710.0
2018-02-12,7710.0
2018-02-13,7710.0
2018-02-14,7710.0
2018-02-22,7385.0
2018-02-23,7385.0
2018-02-26,7385.0
2018-02-27,7385.0
2018-02-28,7385.0
2018-03-01,7385.0
2018-03-02,7385.0
2018-03-05,7385.0
2018-03-06,7385.0
2018-03-07,7385.0
2018-03-08,7385.0
2018-03-09,7385.0
2018-03-12,7385.0
2018-03-13,7385.0
2018-03-14,7385.0
2018-03-15,6615.0
2018-03-16,6615.0
2018-03-19,6615.0
2018-03-20,6615.0
2018-03-21,6615.0
2018-03-22,6615.0
2018-03-23,6615.0
2018-03-26,6615.0
2018-03-27,6615.0
2018-03-28,6900.0
2018-03-29,6555.0
2018-03-30,6870.0
2018-04-02,7360.0
2018-04-03,7360.0
2018-04-04,7360.0
2018-04-09,7360.0
2018-04-10,7360.0
2018-04-11,7360.0
2018-04-12,7360.0
2018-04-13,7360.0
2018-04-16,7360.0
2018-04-17,7360.0
2018-04-18,6565.0
2018-04-19,6605.0
2018-04-20,6585.0
2018-04-23,6635.0
2018-04-24,6715.0
2018-04-25,6735.0
2018-04-26,6750.0
2018-04-27,6865.0
2018-05-02,6885.0
2018-05-03,6995.0
2018-05-04,6915.0
2018-05-07,7035.0
2018-05-08,6980.0
2018-05-09,6860.0
2018-05-10,6900.0
2018-05-11,6900.0
2018-05-14,6795.0
2018-05-15,6950.0
2018-05-16,6810.0
2018-05-17,6760.0
2018-05-18,6760.0
2018-05-21,6760.0
2018-05-22,6760.0
2018-05-23,6760.0
2018-05-24,6760.0
2018-05-25,6760.0
2018-05-28,6760.0
2018-05-29,6760.0
2018-05-30,6925.0
2018-05-31,6925.0
2018-06-01,6880.0
2018-06-04,6880.0
2018-06-05,6880.0
2018-06-06,6880.0
2018-06-07,6880.0
2018-06-08,6880.0
2018-06-11,6880.0
2018-06-12,6880.0
2018-06-13,6880.0
2018-06-14,6880.0
2018-06-15,7090.0
2018-06-19,7090.0
2018-06-20,7090.0
2018-06-21,7090.0
2018-06-22,7090.0
2018-06-25,7090.0
2018-06-26,7090.0
2018-06-27,7090.0
2018-06-28,7090.0
2018-06-29,7090.0
2018-07-02,7090.0
2018-07-03,7090.0
2018-07-04,7090.0
2018-07-05,7090.0
2018-07-06,7090.0
2018-07-09,7090.0
2018-07-10,7090.0
2018-07-11,7090.0
2018-07-12,7090.0
2018-07-13,7090.0
2018-07-16,7010.0
2018-07-17,7010.0
2018-07-18,7010.0
2018-07-19,7010.0
2018-07-20,7010.0
2018-07-23,7010.0
2018-07-24,7010.0
2018-07-25,7010.0
2018-07-26,7010.0
2018-07-27,7010.0
2018-07-30,7010.0
2018-07-31,7010.0
2018-08-01,7010.0
2018-08-02,7010.0
2018-08-03,7010.0
2018-08-06,7010.0
2018-08-07,7010.0
2018-08-08,7010.0
2018-08-09,7010.0
2018-08-10,7010.0
2018-08-13,7010.0
2018-08-14,7010.0
2018-08-15,7300.0
2018-08-16,7300.0
2018-08-17,7315.0
2018-08-20,7250.0
2018-08-21,7205.0
2018-08-22,7230.0
2018-08-23,7210.0
2018-08-24,7045.0
2018-08-27,7050.0
2018-08-28,7025.0
2018-08-29,7010.0
2018-08-30,7030.0
2018-08-31,7040.0
2018-09-03,6950.0
2018-09-04,6860.0
2018-09-05,6900.0
2018-09-06,6900.0
2018-09-07,6900.0
2018-09-10,6900.0
2018-09-11,6835.0
2018-09-12,6835.0
2018-09-13,6835.0
2018-09-14,6920.0
2018-09-17,6870.0
2018-09-18,6870.0
2018-09-19,6870.0
2018-09-20,6870.0
2018-09-21,6870.0
2018-09-25,6870.0
2018-09-26,6870.0
2018-09-27,6870.0
2018-09-28,6870.0
2018-10-08,6870.0
2018-10-09,6870.0
2018-10-10,6870.0
2018-10-11,6870.0
2018-10-12,6870.0
2018-10-15,6870.0
2018-10-16,6870.0
2018-10-17,6870.0
2018-10-18,6870.0
2018-10-19,6870.0
2018-10-22,6800.0
2018-10-23,6800.0
2018-10-24,6505.0
2018-10-25,6505.0
2018-10-26,6555.0
2018-10-29,6570.0
2018-10-30,6570.0
2018-10-31,6750.0
2018-11-01,6750.0
2018-11-02,6750.0
2018-11-05,6750.0
2018-11-06,6750.0
2018-11-07,6750.0
2018-11-08,6750.0
2018-11-09,6750.0
2018-11-12,6750.0
2018-11-13,6750.0
2018-11-14,6750.0
2018-11-15,6505.0
2018-11-16,6505.0
2018-11-19,6505.0
2018-11-20,6505.0
2018-11-21,6505.0
2018-11-22,6505.0
2018-11-23,6505.0
2018-11-26,6505.0
2018-11-27,6505.0
2018-11-28,6505.0
2018-11-29,6505.0
2018-11-30,6505.0
2018-12-03,6505.0
2018-12-04,6505.0
2018-12-05,6505.0
2018-12-06,6505.0
2018-12-07,6505.0
2018-12-10,6505.0
2018-12-11,6505.0
2018-12-12,6505.0
2018-12-13,6505.0
2018-12-14,6505.0
2018-12-17,6540.0
2018-12-18,6545.0
2018-12-19,6590.0
2018-12-20,6600.0
2018-12-21,6605.0
2018-12-24,6605.0
2018-12-25,6580.0
2018-12-26,6595.0
2018-12-27,6650.0
2018-12-28,6670.0
2019-01-02,6640.0
2019-01-03,6655.0
2019-01-04,6660.0
2019-01-07,6695.0
2019-01-08,6680.0
2019-01-09,6720.0
2019-01-10,7120.0
2019-01-11,7120.0
2019-01-14,7045.0
2019-01-15,6650.0
2019-01-16,6865.0
2019-01-17,6865.0
2019-01-18,6865.0
2019-01-21,6865.0
2019-01-22,6865.0
2019-01-23,6865.0
2019-01-24,6865.0
2019-01-25,6865.0
2019-01-28,6865.0
2019-01-29,6865.0
2019-01-30,6800.0
2019-01-31,6700.0
2019-02-01,6700.0
2019-02-11,6700.0
2019-02-12,6700.0
2019-02-13,6700.0
2019-02-14,6700.0
2019-02-15,6700.0
2019-02-18,6800.0
2019-02-19,6800.0
2019-02-20,6800.0
2019-02-21,6800.0
2019-02-22,6530.0
2019-02-25,6530.0
2019-02-26,6530.0
2019-02-27,6530.0
2019-02-28,6520.0
2019-03-01,6000.0
2019-03-04,5400.0
2019-03-05,5400.0
2019-03-06,5400.0
2019-03-07,5400.0
2019-03-08,5400.0
2019-03-11,5400.0
2019-03-12,5400.0
2019-03-13,5400.0
2019-03-14,5400.0
2019-03-15,6035.0
2019-03-18,6035.0
2019-03-19,6035.0
2019-03-20,6035.0
2019-03-21,6035.0
2019-03-22,6035.0
2019-03-25,6035.0
2019-03-26,6035.0
2019-03-27,6035.0
2019-03-28,6035.0
2019-03-29,6035.0
2019-04-01,6035.0
2019-04-02,6035.0
2019-04-03,6035.0
2019-04-04,6035.0
2019-04-08,6035.0
2019-04-09,6035.0
2019-04-10,6035.0
2019-04-11,6035.0
2019-04-12,6035.0
2019-04-15,6665.0
2019-04-16,6820.0
2019-04-17,6880.0
2019-04-18,6830.0
2019-04-19,6835.0
2019-04-22,6890.0
2019-04-23,6865.0
2019-04-24,6960.0
2019-04-25,6990.0
2019-04-26,6985.0
2019-04-29,6990.0
2019-04-30,7085.0
2019-05-06,7480.0
2019-05-07,7295.0
2019-05-08,7250.0
2019-05-09,7195.0
2019-05-10,7180.0
2019-05-13,6995.0
2019-05-14,6980.0
2019-05-15,6935.0
2019-05-16,7030.0
2019-05-17,7345.0
2019-05-20,7235.0
2019-05-21,7235.0
2019-05-22,7235.0
2019-05-23,7235.0
2019-05-24,7235.0
2019-05-27,6950.0
2019-05-28,6950.0
2019-05-29,7015.0
2019-05-30,7015.0
2019-05-31,7090.0
2019-06-03,7090.0
2019-06-04,7090.0
2019-06-05,7090.0
2019-06-06,7090.0
2019-06-10,7090.0
2019-06-11,7090.0
2019-06-12,7090.0
2019-06-13,7090.0
2019-06-14,7090.0
2019-06-17,7090.0
2019-06-18,6550.0
2019-06-19,6605.0
2019-06-20,6605.0
2019-06-21,6605.0
2019-06-24,6865.0
2019-06-25,6865.0
2019-06-26,6865.0
2019-06-27,6865.0
2019-06-28,7050.0
2019-07-01,7050.0
2019-07-02,7050.0
2019-07-03,7050.0
2019-07-04,7200.0
2019-07-05,7200.0
2019-07-08,7200.0
2019-07-09,7200.0
2019-07-10,7200.0
2019-07-11,7200.0
2019-07-12,7200.0
2019-07-15,7005.0
2019-07-16,7005.0
2019-07-17,6975.0
2019-07-18,6975.0
2019-07-19,6975.0
2019-07-22,6975.0
2019-07-23,6975.0
2019-07-24,6975.0
2019-07-25,6975.0
2019-07-26,6975.0
2019-07-29,6975.0
2019-07-30,6975.0
2019-07-31,6975.0
2019-08-01,6975.0
2019-08-02,6975.0
2019-08-05,6975.0
2019-08-06,6975.0
2019-08-07,6975.0
2019-08-08,6975.0
2019-08-09,6975.0
2019-08-12,6975.0
2019-08-13,6975.0
2019-08-14,6975.0
2019-08-15,6805.0
2019-08-16,6825.0
2019-08-19,6860.0
2019-08-20,6860.0
2019-08-21,6850.0
2019-08-22,6820.0
2019-08-23,6755.0
2019-08-26,6690.0
2019-08-27,6720.0
2019-08-28,6700.0
2019-08-29,6685.0
2019-08-30,6685.0
2019-09-02,6695.0
2019-09-03,6695.0
2019-09-04,6695.0
2019-09-05,6690.0
2019-09-06,6685.0
2019-09-09,6695.0
2019-09-10,6690.0
2019-09-11,6695.0
2019-09-12,6655.0
2019-09-16,6695.0
2019-09-17,6790.0
2019-09-18,6790.0
2019-09-19,6545.0
2019-09-20,6545.0
2019-09-23,6545.0
2019-09-24,6545.0
2019-09-25,6545.0
2019-09-26,6545.0
2019-09-27,6680.0
2019-09-30,6280.0
2019-10-08,5950.0
2019-10-09,5950.0
2019-10-10,5950.0
2019-10-11,5950.0
2019-10-14,5950.0
2019-10-15,5950.0
2019-10-16,5950.0
2019-10-17,5950.0
2019-10-18,5950.0
2019-10-21,5950.0
2019-10-22,6445.0
2019-10-23,6445.0
2019-10-24,6350.0
2019-10-25,6350.0
2019-10-28,6350.0
2019-10-29,6350.0
2019-10-30,6385.0
2019-10-31,6460.0
2019-11-01,6200.0
2019-11-04,6200.0
2019-11-05,6200.0
2019-11-06,6200.0
2019-11-07,6200.0
2019-11-08,6200.0
2019-11-11,6200.0
2019-11-12,6200.0
2019-11-13,6200.0
2019-11-14,6200.0
2019-11-15,6305.0
2019-11-18,6305.0
2019-11-19,6305.0
2019-11-20,6330.0
2019-11-21,6330.0
2019-11-22,6330.0
2019-11-25,6330.0
2019-11-26,6580.0
2019-11-27,6580.0
2019-11-28,6780.0
2019-11-29,6780.0
2019-12-02,6780.0
2019-12-03,6780.0
2019-12-04,6780.0
2019-12-05,6780.0
2019-12-06,6780.0
2019-12-09,6780.0
2019-12-10,6780.0
2019-12-11,6780.0
2019-12-12,6780.0
2019-12-13,6780.0
2019-12-16,6750.0
2019-12-17,6765.0
2019-12-18,6770.0
2019-12-19,6820.0
2019-12-20,6850.0
2019-12-23,6790.0
2019-12-24,6740.0
2019-12-25,6705.0
2019-12-26,6685.0
2019-12-27,6695.0
2019-12-30,6685.0
2019-12-31,6640.0
2020-01-02,6615.0
2020-01-03,6630.0
2020-01-06,6655.0
2020-01-07,6635.0
2020-01-08,6675.0
2020-01-09,6660.0
2020-01-10,6670.0
2020-01-13,6670.0
2020-01-14,6675.0
2020-01-15,6645.0
2020-01-16,6410.0
2020-01-17,6410.0
2020-01-20,6480.0
2020-01-21,6490.0
2020-01-22,6490.0
2020-01-23,6490.0
2020-02-03,6490.0
2020-02-04,6490.0
2020-02-05,6490.0
2020-02-06,6490.0
2020-02-07,6490.0
2020-02-10,6490.0
2020-02-11,6490.0
2020-02-12,6490.0
2020-02-13,6490.0
2020-02-14,6490.0
2020-02-17,6585.0
2020-02-18,6585.0
2020-02-19,6585.0
2020-02-20,6585.0
2020-02-21,6585.0
2020-02-24,6585.0
2020-02-25,6585.0
2020-02-26,6585.0
2020-02-27,6585.0
2020-02-28,6585.0
2020-03-02,6585.0
2020-03-03,6585.0
2020-03-04,6585.0
2020-03-05,6585.0
2020-03-06,6585.0
2020-03-09,6585.0
2020-03-10,6585.0
2020-03-11,6585.0
2020-03-12,6585.0
2020-03-13,6585.0
2020-03-16,6160.0
2020-03-17,6005.0
2020-03-18,6005.0
2020-03-19,6005.0
2020-03-20,6005.0
2020-03-23,5765.0
2020-03-24,5765.0
2020-03-25,5775.0
2020-03-26,5775.0
2020-03-27,5775.0
2020-03-30,5500.0
2020-03-31,5500.0
2020-04-01,5500.0
2020-04-02,5500.0
2020-04-03,5500.0
2020-04-07,5500.0
2020-04-08,5500.0
2020-04-09,5500.0
2020-04-10,5500.0
2020-04-13,5500.0
2020-04-14,5500.0
2020-04-15,5500.0
2020-04-16,5445.0
2020-04-17,5435.0
2020-04-20,5425.0
2020-04-21,5335.0
2020-04-22,5285.0
2020-04-23,5390.0
2020-04-24,5410.0
2020-04-27,5445.0
2020-04-28,5420.0
2020-04-29,5415.0
2020-04-30,5480.0
2020-05-06,5650.0
2020-05-07,5650.0
2020-05-08,5750.0
2020-05-11,5845.0
2020-05-12,5715.0
2020-05-13,5715.0
2020-05-14,5640.0
2020-05-15,5805.0
2020-05-18,5860.0
2020-05-19,5765.0
2020-05-20,5685.0
2020-05-21,5830.0
2020-05-22,5830.0
2020-05-25,5975.0
2020-05-26,6135.0
2020-05-27,6165.0
2020-05-28,6245.0
2020-05-29,6045.0
2020-06-01,6100.0
2020-06-02,6100.0
2020-06-03,6100.0
2020-06-04,6100.0
2020-06-05,6380.0
2020-06-08,6200.0
2020-06-09,6200.0
2020-06-10,6200.0
2020-06-11,6200.0
2020-06-12,6130.0
2020-06-15,6330.0
2020-06-16,6365.0
2020-06-17,6365.0
2020-06-18,6360.0
2020-06-19,6360.0
2020-06-22,6360.0
2020-06-23,6295.0
2020-06-24,6290.0
2020-06-29,6150.0
2020-06-30,6190.0
2020-07-01,6215.0
2020-07-02,6290.0
2020-07-03,6290.0
2020-07-06,6290.0
2020-07-07,6400.0
2020-07-08,6400.0
2020-07-09,6400.0
2020-07-10,6400.0
2020-07-13,6400.0
2020-07-14,6355.0
2020-07-15,6620.0
2020-07-16,6620.0
2020-07-17,6490.0
2020-07-20,6660.0
2020-07-21,6660.0
2020-07-22,6660.0
2020-07-23,6630.0
2020-07-24,6555.0
2020-07-27,6555.0
2020-07-28,6545.0
2020-07-29,6545.0
2020-07-30,6540.0
2020-07-31,6880.0
2020-08-03,6430.0
2020-08-04,6490.0
2020-08-05,6490.0
2020-08-06,6490.0
2020-08-07,7000.0
2020-08-10,7000.0
2020-08-11,7000.0
2020-08-12,7000.0
2020-08-13,6590.0
2020-08-14,6465.0
2020-08-17,6595.0
2020-08-18,6670.0
2020-08-19,6675.0
2020-08-20,6660.0
2020-08-21,6655.0
2020-08-24,6670.0
2020-08-25,6675.0
2020-08-26,6710.0
2020-08-27,6745.0
2020-08-28,6690.0
2020-08-31,6715.0
2020-09-01,6740.0
2020-09-02,6755.0
2020-09-03,6745.0
2020-09-04,6665.0
2020-09-07,6660.0
2020-09-08,6620.0
2020-09-09,6600.0
2020-09-10,6595.0
2020-09-11,6615.0
2020-09-14,6705.0
2020-09-15,6535.0
2020-09-16,6545.0
2020-09-17,6635.0
2020-09-18,6655.0
2020-09-21,6625.0
2020-09-22,6680.0
2020-09-23,6695.0
2020-09-24,6565.0
2020-09-25,6575.0
2020-09-28,6680.0
2020-09-29,6670.0
2020-09-30,6665.0
2020-10-09,6745.0
2020-10-12,6950.0
2020-10-13,6930.0
2020-10-14,6930.0
2020-10-15,6930.0
2020-10-16,6930.0
2020-10-19,7200.0
2020-10-20,7200.0
2020-10-21,7200.0
2020-10-22,6920.0
2020-10-23,6930.0
2020-10-26,6900.0
2020-10-27,6945.0
2020-10-28,6945.0
2020-10-29,6995.0
2020-10-30,6955.0
2020-11-02,6955.0
2020-11-03,7000.0
2020-11-04,7000.0
2020-11-05,7050.0
2020-11-06,7050.0
2020-11-09,7500.0
2020-11-10,7500.0
2020-11-11,7500.0
2020-11-12,7500.0
2020-11-13,7430.0
2020-11-16,7580.0
2020-11-17,7580.0
2020-11-18,7600.0
2020-11-19,7645.0
2020-11-20,7525.0
2020-11-23,7525.0
2020-11-24,7605.0
2020-11-25,7520.0
2020-11-26,7520.0
2020-11-27,7565.0
2020-11-30,7615.0
2020-12-01,7615.0
2020-12-02,8180.0
2020-12-03,8180.0
2020-12-04,8180.0
2020-12-07,8180.0
2020-12-08,8180.0
2020-12-09,8180.0
2020-12-10,8180.0
2020-12-11,8180.0
2020-12-14,8180.0
2020-12-15,7880.0
2020-12-16,7740.0
2020-12-17,7625.0
2020-12-18,7715.0
2020-12-21,7705.0
2020-12-22,7675.0
2020-12-23,7590.0
2020-12-24,7575.0
2020-12-25,7380.0
2020-12-28,7200.0
2020-12-29,7140.0
2020-12-30,7085.0
2020-12-31,7065.0
2021-01-04,7100.0
2021-01-05,7160.0
2021-01-06,7130.0
2021-01-07,7165.0
2021-01-08,7085.0
2021-01-11,6925.0
2021-01-12,6890.0
2021-01-13,6955.0
2021-01-14,6950.0
2021-01-15,7040.0
2021-01-18,7085.0
2021-01-19,7200.0
2021-01-20,7205.0
2021-01-21,7310.0
2021-01-22,7370.0
2021-01-25,7260.0
2021-01-26,7340.0
2021-01-27,7310.0
2021-01-28,7370.0
2021-01-29,7430.0
2021-02-01,7350.0
2021-02-02,7290.0
2021-02-03,7425.0
2021-02-04,7535.0
2021-02-05,7550.0
2021-02-08,7645.0
2021-02-09,7660.0
2021-02-10,7660.0
2021-02-18,7925.0
2021-02-19,7660.0
2021-02-22,8490.0
2021-02-23,8785.0
2021-02-24,8705.0
2021-02-25,8680.0
2021-02-26,8575.0
2021-03-01,8330.0
2021-03-02,8390.0
2021-03-03,8550.0
2021-03-04,8445.0
2021-03-05,8500.0
2021-03-08,8570.0
2021-03-09,8760.0
2021-03-10,8545.0
2021-03-11,8680.0
2021-03-12,8585.0
2021-03-15,8975.0
2021-03-16,9110.0
2021-03-17,9065.0
2021-03-18,9040.0
2021-03-19,8910.0
2021-03-22,8870.0
2021-03-23,8695.0
2021-03-24,8600.0
2021-03-25,8700.0
2021-03-26,8785.0
2021-03-29,8940.0
2021-03-30,8800.0
2021-03-31,8720.0
2021-04-01,8775.0
2021-04-02,8775.0
2021-04-06,8775.0
2021-04-07,8775.0
2021-04-08,8775.0
2021-04-09,8730.0
2021-04-12,8730.0
2021-04-13,8730.0
2021-04-14,8785.0
2021-04-15,8775.0
2021-04-16,8855.0
2021-04-19,8970.0
2021-04-20,8945.0
2021-04-21,8820.0
2021-04-22,8895.0
2021-04-23,9050.0
2021-04-26,9065.0
2021-04-27,9050.0
2021-04-28,9110.0
2021-04-29,9100.0
2021-04-30,9100.0
2021-05-06,9265.0
2021-05-07,9445.0
2021-05-10,9500.0
2021-05-11,9475.0
2021-05-12,9470.0
2021-05-13,9430.0
2021-05-14,9405.0
2021-05-17,9320.0
2021-05-18,9500.0
2021-05-19,9375.0
2021-05-20,9140.0
2021-05-21,8890.0
2021-05-24,9020.0
2021-05-25,8935.0
2021-05-26,8835.0
2021-05-27,8890.0
2021-05-28,8890.0
2021-05-31,9235.0
2021-06-01,8935.0
2021-06-02,9070.0
2021-06-03,9275.0
2021-06-04,9275.0
2021-06-07,9275.0
2021-06-08,9275.0
2021-06-09,9275.0
2021-06-10,9200.0
2021-06-11,9200.0
2021-06-15,9090.0
2021-06-16,9055.0
2021-06-17,9045.0
2021-06-18,8860.0
2021-06-21,8735.0
2021-06-22,8675.0
2021-06-23,8675.0
2021-06-24,8675.0
2021-06-25,8670.0
2021-06-28,9000.0
2021-06-29,9040.0
2021-06-30,9035.0
2021-07-01,9035.0
2021-07-02,9035.0
2021-07-05,9035.0
2021-07-06,9035.0
2021-07-07,9300.0
2021-07-08,9300.0
2021-07-09,9300.0
2021-07-12,9300.0
2021-07-13,9300.0
2021-07-14,9300.0
2021-07-15,8845.0
2021-07-16,9175.0
2021-07-19,9395.0
2021-07-20,9390.0
2021-07-21,9225.0
2021-07-22,9240.0
2021-07-23,9240.0
2021-07-26,9340.0
2021-07-27,9530.0
2021-07-28,9300.0
2021-07-29,9300.0
2021-07-30,9300.0
2021-08-02,9300.0
2021-08-03,9300.0
2021-08-04,9300.0
2021-08-05,9645.0
2021-08-06,9645.0
2021-08-09,9645.0
2021-08-10,9645.0
2021-08-11,9645.0
2021-08-12,9645.0
2021-08-13,9645.0
2021-08-16,9355.0
2021-08-17,9380.0
2021-08-18,9370.0
2021-08-19,9315.0
2021-08-20,9300.0
2021-08-23,9345.0
2021-08-24,9365.0
2021-08-25,9455.0
2021-08-26,9460.0
2021-08-27,9355.0
2021-08-30,9465.0
2021-08-31,9570.0
2021-09-01,9515.0
2021-09-02,9615.0
2021-09-03,9750.0
2021-09-06,9745.0
2021-09-07,9910.0
2021-09-08,10390.0
2021-09-09,10260.0
2021-09-10,10410.0
2021-09-13,10345.0
2021-09-14,9725.0
2021-09-15,10125.0
2021-09-16,10395.0
2021-09-17,10330.0
2021-09-22,10400.0
2021-09-23,10685.0
2021-09-24,10850.0
2021-09-27,11525.0
2021-09-28,11905.0
2021-09-29,12195.0
2021-09-30,12435.0
2021-10-08,12770.0
2021-10-11,13565.0
2021-10-12,13955.0
2021-10-13,13475.0
2021-10-14,13475.0
2021-10-15,13475.0
2021-10-18,12560.0
2021-10-19,12560.0
2021-10-20,11830.0
2021-10-21,13100.0
2021-10-22,11005.0
2021-10-25,10930.0
2021-10-26,10505.0
2021-10-27,10315.0
2021-10-28,9945.0
2021-10-29,9770.0
2021-11-01,9745.0
2021-11-02,9388.0
2021-11-03,9336.0
2021-11-04,9209.0
2021-11-05,9050.0
2021-11-08,9016.0
2021-11-09,9197.0
2021-11-10,9148.0
2021-11-11,9282.0
2021-11-12,9569.0
2021-11-15,9158.0
2021-11-16,9007.0
2021-11-17,9035.0
2021-11-18,9177.0
2021-11-19,9627.0
2021-11-22,9521.0
2021-11-23,9586.0
2021-11-24,9662.0
2021-11-25,9682.0
2021-11-26,9407.0
2021-11-29,9397.0
2021-11-30,9384.0
2021-12-01,9144.0
2021-12-02,9078.0
2021-12-03,8803.0
2021-12-06,9017.0
2021-12-07,9030.0
2021-12-08,8928.0
2021-12-09,8779.0
2021-12-10,8649.0
2021-12-13,8649.0
2021-12-14,8947.0
2021-12-15,8331.0
2021-12-16,8254.0
2021-12-17,8392.0
2021-12-20,8479.0
2021-12-21,8515.0
2021-12-22,8461.0
2021-12-23,8485.0
2021-12-24,8531.0
2021-12-27,8452.0
2021-12-28,8410.0
2021-12-29,8480.0
2021-12-30,8422.0
2021-12-31,8292.0
2022-01-04,8462.0
2022-01-05,8416.0
2022-01-06,8334.0
2022-01-07,8483.0
2022-01-10,8444.0
2022-01-11,8282.0
2022-01-12,8382.0
2022-01-13,8524.0
2022-01-14,8607.0
2022-01-17,8462.0
2022-01-18,8618.0
2022-01-19,8803.0
2022-01-20,8879.0
2022-01-21,8882.0
2022-01-24,8803.0
2022-01-25,8770.0
2022-01-26,8833.0
2022-01-27,8905.0
2022-01-28,8859.0
2022-02-07,9306.0
2022-02-08,9286.0
2022-02-09,9186.0
2022-02-10,9318.0
2022-02-11,9450.0
2022-02-14,8937.0
2022-02-15,8780.0
2022-02-16,8679.0
2022-02-17,8533.0
2022-02-18,9183.0
2022-02-21,8533.0
2022-02-22,8650.0
2022-02-23,8603.0
2022-02-24,8606.0
2022-02-25,8586.0
2022-02-28,8591.0
2022-03-01,8695.0
2022-03-02,8868.0
2022-03-03,9050.0
2022-03-04,9005.0
2022-03-07,9242.0
2022-03-08,9074.0
2022-03-09,9074.0
2022-03-10,8948.0
2022-03-11,9000.0
2022-03-14,9006.0
2022-03-15,8986.0
2022-03-16,8856.0
2022-03-17,9127.0
2022-03-18,9168.0
2022-03-21,9082.0
2022-03-22,9075.0
2022-03-23,9068.0
2022-03-24,9160.0
2022-03-25,9155.0
2022-03-28,9283.0
2022-03-29,9364.0
2022-03-30,9465.0
2022-03-31,9290.0
2022-04-01,9376.0
2022-04-06,9403.0
2022-04-07,9340.0
2022-04-08,9340.0
2022-04-11,9300.0
2022-04-12,9040.0
2022-04-13,9040.0
2022-04-14,9061.0
2022-04-15,9061.0
2022-04-18,9228.0
2022-04-19,9156.0
2022-04-20,9182.0
2022-04-21,9135.0
2022-04-22,9019.0
2022-04-25,8883.0
2022-04-26,8829.0
2022-04-27,8847.0
2022-04-28,8876.0
2022-04-29,8784.0
2022-05-05,8855.0
2022-05-06,8904.0
2022-05-09,8898.0
2022-05-10,8833.0
2022-05-11,8829.0
2022-05-12,8868.0
2022-05-13,8840.0
2022-05-16,8850.0
2022-05-17,8890.0
2022-05-18,8878.0
2022-05-19,8755.0
2022-05-20,8713.0
2022-05-23,8710.0
2022-05-24,8694.0
2022-05-25,8629.0
2022-05-26,8424.0
2022-05-27,8427.0
2022-05-30,8481.0
2022-05-31,8581.0
2022-06-01,8620.0
2022-06-02,8609.0
2022-06-06,8798.0
2022-06-07,8472.0
2022-06-08,8880.0
2022-06-09,8693.0
2022-06-10,8633.0
2022-06-13,8573.0
2022-06-14,8433.0
2022-06-15,8572.0
2022-06-16,8301.0
2022-06-17,8150.0
2022-06-20,8084.0
2022-06-21,7944.0
2022-06-22,7698.0
2022-06-23,7673.0
2022-06-24,7551.0
2022-06-27,7529.0
2022-06-28,7479.0
2022-06-29,7471.0
2022-06-30,7470.0
2022-07-01,7390.0
2022-07-04,7301.0
2022-07-05,7101.0
2022-07-06,6800.0
2022-07-07,6992.0
2022-07-08,6848.0
2022-07-11,6763.0
2022-07-12,6461.0
2022-07-13,6461.0
2022-07-14,7027.0
2022-07-15,6169.0
2022-07-18,6360.0
2022-07-19,6469.0
2022-07-20,6509.0
2022-07-21,6506.0
2022-07-22,6548.0
2022-07-25,6624.0
2022-07-26,6667.0
2022-07-27,6761.0
2022-07-28,6773.0
2022-07-29,6892.0
2022-08-01,7054.0
2022-08-02,6895.0
2022-08-03,6958.0
2022-08-04,6777.0
2022-08-05,6655.0
2022-08-08,6614.0
2022-08-09,6750.0
2022-08-10,6624.0
2022-08-11,6636.0
2022-08-12,6944.0
2022-08-15,6566.0
2022-08-16,6480.0
2022-08-17,6514.0
2022-08-18,6474.0
2022-08-19,6442.0
2022-08-22,6594.0
2022-08-23,6583.0
2022-08-24,6662.0
2022-08-25,6678.0
2022-08-26,6725.0
2022-08-29,6734.0
2022-08-30,6707.0
2022-08-31,6732.0
2022-09-01,6750.0
2022-09-02,6754.0
2022-09-05,6786.0
2022-09-06,6769.0
2022-09-07,6743.0
2022-09-08,6731.0
2022-09-09,6728.0
2022-09-13,6794.0
2022-09-14,6600.0
2022-09-15,6756.0
2022-09-16,6470.0
2022-09-19,6424.0
2022-09-20,6342.0
2022-09-21,6294.0
2022-09-22,6343.0
2022-09-23,6346.0
2022-09-26,6272.0
2022-09-27,6240.0
2022-09-28,6244.0
2022-09-29,6279.0
2022-09-30,6294.0
2022-10-10,6287.0
2022-10-11,6347.0
2022-10-12,6347.0
2022-10-13,6233.0
2022-10-14,6230.0
2022-10-17,6081.0
2022-10-18,6059.0
2022-10-19,6001.0
2022-10-20,6002.0
2022-10-21,6098.0
2022-10-24,6002.0
2022-10-25,5992.0
2022-10-26,5941.0
2022-10-27,5879.0
2022-10-28,5757.0
2022-10-31,5644.0
2022-11-01,5664.0
2022-11-02,5664.0
2022-11-03,5915.0
2022-11-04,5990.0
2022-11-07,5909.0
2022-11-08,5909.0
2022-11-09,5918.0
2022-11-10,5918.0
2022-11-11,5948.0
2022-11-14,5873.0
2022-11-15,5926.0
2022-11-16,5939.0
2022-11-17,5891.0
2022-11-18,5805.0
2022-11-21,5870.0
2022-11-22,5848.0
2022-11-23,5822.0
2022-11-24,5905.0
2022-11-25,6047.0
2022-11-28,6039.0
2022-11-29,5926.0
2022-11-30,5909.0
2022-12-01,5909.0
2022-12-02,6087.0
2022-12-05,6181.0
2022-12-06,6181.0
2022-12-07,6052.0
2022-12-08,6048.0
2022-12-09,6048.0
2022-12-12,6238.0
2022-12-13,6238.0
2022-12-14,5971.0
2022-12-15,6361.0
2022-12-16,6397.0
2022-12-19,6301.0
2022-12-20,6292.0
2022-12-21,6284.0
2022-12-22,6301.0
2022-12-23,6233.0
2022-12-26,6230.0
2022-12-27,6338.0
2022-12-28,6322.0
2022-12-29,6196.0
2022-12-30,6162.0
2023-01-03,6179.0
2023-01-04,6186.0
2023-01-05,6152.0
2023-01-06,6200.0
2023-01-09,6300.0
2023-01-10,6322.0
2023-01-11,6321.0
2023-01-12,6342.0
2023-01-13,6390.0
2023-01-16,6220.0
2023-01-17,6442.0
2023-01-18,6521.0
2023-01-19,6570.0
2023-01-20,6595.0
2023-01-30,6506.0
2023-01-31,6385.0
2023-02-01,6314.0
2023-02-02,6234.0
2023-02-03,6155.0
2023-02-06,6170.0
2023-02-07,6122.0
2023-02-08,6156.0
2023-02-09,6204.0
2023-02-10,6210.0
2023-02-13,6233.0
2023-02-14,6238.0
2023-02-15,6276.0
2023-02-16,6321.0
2023-02-17,6323.0
2023-02-20,6334.0
2023-02-21,6471.0
2023-02-22,6446.0
2023-02-23,6455.0
2023-02-24,6478.0
2023-02-27,6401.0
2023-02-28,6326.0
2023-03-01,6326.0
2023-03-02,6326.0
2023-03-03,6345.0
2023-03-06,6279.0
2023-03-07,6279.0
2023-03-08,6279.0
2023-03-09,6279.0
2023-03-10,6279.0
2023-03-13,6201.0
2023-03-14,6292.0
2023-03-15,6294.0
2023-03-16,6175.0
2023-03-17,6123.0
2023-03-20,6109.0
2023-03-21,6112.0
2023-03-22,6105.0
2023-03-23,6018.0
2023-03-24,6065.0
2023-03-27,6114.0
2023-03-28,6167.0
2023-03-29,6219.0
2023-03-30,6195.0
2023-03-31,6212.0
2023-04-03,6252.0
2023-04-04,6250.0
2023-04-06,6229.0
2023-04-07,6229.0
2023-04-10,6229.0
2023-04-11,6175.0
2023-04-12,6100.0
2023-04-13,6100.0
2023-04-14,6100.0
2023-04-17,6229.0
2023-04-18,6129.0
2023-04-19,6208.0
2023-04-20,6166.0
2023-04-21,6208.0
2023-04-24,6165.0
2023-04-25,6101.0
2023-04-26,6036.0
2023-04-27,5988.0
2023-04-28,5949.0
2023-05-04,5923.0
2023-05-05,5824.0
2023-05-08,5875.0
2023-05-09,5897.0
2023-05-10,5856.0
2023-05-11,5798.0
2023-05-12,5749.0
2023-05-15,5757.0
2023-05-16,5777.0
2023-05-17,5851.0
2023-05-18,5834.0
2023-05-19,5755.0
2023-05-22,5652.0
2023-05-23,5650.0
2023-05-24,5580.0
2023-05-25,5595.0
2023-05-26,5638.0
2023-05-29,5676.0
2023-05-30,5667.0
2023-05-31,5587.0
2023-06-01,5662.0
2023-06-02,5754.0
2023-06-05,5725.0
2023-06-06,5651.0
2023-06-07,5561.0
2023-06-08,5561.0
2023-06-09,5570.0
2023-06-12,5570.0
2023-06-13,5546.0
2023-06-14,5636.0
2023-06-15,5662.0
2023-06-16,5720.0
2023-06-19,5737.0
2023-06-20,5771.0
2023-06-21,5737.0
2023-06-26,5672.0
2023-06-27,5665.0
2023-06-28,5673.0
2023-06-29,5712.0
2023-06-30,5743.0
2023-07-03,5764.0
2023-07-04,5751.0
